claim_id,patient_id,provider_id,claim_amount
C00001,P038,PR016,21692.12
C00002,P078,PR050,23859.97
C00003,P063,PR009,14519.93
C00004,P099,PR007,8052.11
C00005,P053,PR005,9536.74
C00006,P019,PR009,8555.39
C00007,P079,PR038,19558.49
C00008,P049,PR005,14291.0
C00009,P029,PR037,2089.49
C00010,P035,PR024,22274.66
C00011,P073,PR035,23130.43
C00012,P059,PR018,2737.88
C00013,P006,PR019,358.92
C00014,P086,PR001,2337.49
C00015,P015,PR003,4738.66
C00016,P076,PR027,4092.39
C00017,P058,PR011,17038.21
C00018,P021,PR048,21133.22
C00019,P056,PR025,20171.86
C00020,P070,PR019,13777.72
C00021,P092,PR031,7895.77
C00022,P027,PR042,7969.54
C00023,P004,PR001,19682.16
C00024,P038,PR047,14934.44
C00025,P058,PR026,7866.36
C00026,P009,PR005,22839.13
C00027,P077,PR030,2828.49
C00028,P028,PR040,19459.09
C00029,P070,PR045,11749.56
C00030,P046,PR017,4621.41
C00031,P027,PR020,5020.44
C00032,P047,PR006,20508.43
C00033,P012,PR049,11225.16
C00034,P084,PR037,16104.48
C00035,P030,PR025,24166.62
C00036,P006,PR021,4710.98
C00037,P075,PR020,6183.91
C00038,P013,PR035,15304.22
C00039,P077,PR006,6165.2
C00040,P003,PR016,10074.25
C00041,P035,PR036,21695.52
C00042,P094,PR005,586.78
C00043,P002,PR019,18780.68
C00044,P046,PR032,11747.42
C00045,P020,PR007,12560.67
C00046,P042,PR005,12756.29
C00047,P086,PR012,4530.18
C00048,P020,PR010,20547.68
C00049,P041,PR020,2716.6
C00050,P066,PR039,7372.56
C00051,P027,PR010,13660.05
C00052,P093,PR003,19504.6
C00053,P080,PR044,22683.49
C00054,P096,PR045,5175.58
C00055,P039,PR028,13460.43
C00056,P007,PR046,21559.37
C00057,P032,PR017,19455.52
C00058,P088,PR029,20215.9
C00059,P071,PR017,13557.37
C00060,P069,PR030,321.12
C00061,P044,PR011,6486.33
C00062,P004,PR042,23319.35
C00063,P074,PR002,1604.92
C00064,P046,PR038,3500.19
C00065,P017,PR009,6514.87
C00066,P036,PR026,14123.59
C00067,P023,PR040,2276.72
C00068,P063,PR001,4480.57
C00069,P041,PR033,22331.23
C00070,P057,PR044,15995.82
C00071,P029,PR016,7858.97
C00072,P088,PR031,23915.67
C00073,P092,PR027,8456.94
C00074,P079,PR047,22946.78
C00075,P036,PR042,5525.76
C00076,P010,PR049,12816.71
C00077,P048,PR011,12815.21
C00078,P027,PR020,7503.01
C00079,P039,PR036,9321.78
C00080,P090,PR045,18423.63
C00081,P077,PR006,21414.11
C00082,P078,PR033,14302.26
C00083,P023,PR010,6302.36
C00084,P028,PR037,18003.96
C00085,P007,PR032,17056.83
C00086,P092,PR041,8732.14
C00087,P066,PR011,13628.36
C00088,P006,PR034,24531.47
C00089,P033,PR041,2571.11
C00090,P095,PR006,23988.0
C00091,P018,PR050,15441.72
C00092,P085,PR044,17525.17
C00093,P057,PR016,24281.63
C00094,P049,PR028,9961.14
C00095,P042,PR029,3201.94
C00096,P063,PR014,3023.71
C00097,P077,PR035,10235.19
C00098,P016,PR043,7422.11
C00099,P032,PR025,18751.94
C00100,P001,PR013,13232.66
C00101,P075,PR002,818.67
C00102,P078,PR016,20891.54
C00103,P027,PR012,7155.3
C00104,P070,PR013,6866.98
C00105,P075,PR049,6309.51
C00106,P088,PR029,19787.71
C00107,P022,PR035,8956.04
C00108,P054,PR008,19238.23
C00109,P074,PR025,5160.3
C00110,P014,PR002,2995.88
C00111,P096,PR001,13654.91
C00112,P087,PR049,18121.68
C00113,P084,PR009,1925.83
C00114,P048,PR037,20146.7
C00115,P056,PR033,16947.71
C00116,P098,PR034,8126.01
C00117,P016,PR029,17963.29
C00118,P045,PR020,13505.42
C00119,P044,PR047,17101.15
C00120,P064,PR008,16209.32
C00121,P049,PR025,5137.66
C00122,P001,PR018,15906.55
C00123,P093,PR048,20744.06
C00124,P066,PR013,24676.1
C00125,P060,PR039,20873.11
C00126,P053,PR048,17817.62
C00127,P040,PR045,4299.3
C00128,P080,PR043,13297.36
C00129,P047,PR034,137.81
C00130,P050,PR038,10675.44
C00131,P052,PR022,21538.07
C00132,P075,PR047,17502.62
C00133,P096,PR005,12342.92
C00134,P096,PR016,16026.87
C00135,P084,PR019,15760.4
C00136,P053,PR047,15750.09
C00137,P082,PR050,23431.09
C00138,P035,PR012,19199.12
C00139,P100,PR039,302.7
C00140,P034,PR046,10307.94
C00141,P088,PR035,7626.54
C00142,P060,PR017,12139.35
C00143,P060,PR033,1182.43
C00144,P066,PR007,18631.45
C00145,P055,PR005,8911.67
C00146,P085,PR029,542.55
C00147,P065,PR046,23655.87
C00148,P089,PR006,10078.0
C00149,P089,PR018,15144.6
C00150,P027,PR034,5232.32
C00151,P043,PR018,1760.43
C00152,P090,PR034,16486.68
C00153,P060,PR033,13963.39
C00154,P007,PR011,7457.06
C00155,P095,PR046,24909.34
C00156,P072,PR018,8928.5
C00157,P095,PR015,9844.35
C00158,P052,PR012,12116.42
C00159,P034,PR040,8274.61
C00160,P029,PR017,24096.52
C00161,P091,PR016,21102.63
C00162,P004,PR040,10094.83
C00163,P056,PR049,6248.24
C00164,P035,PR013,1859.86
C00165,P094,PR011,21782.78
C00166,P075,PR029,14556.76
C00167,P094,PR010,15176.18
C00168,P034,PR030,13188.48
C00169,P018,PR050,3495.54
C00170,P092,PR029,9059.19
C00171,P097,PR026,6050.32
C00172,P092,PR014,17976.0
C00173,P040,PR005,2704.32
C00174,P051,PR021,12334.42
C00175,P013,PR012,1172.27
C00176,P077,PR002,22227.46
C00177,P028,PR044,916.1
C00178,P091,PR034,20382.02
C00179,P079,PR029,8593.96
C00180,P036,PR008,15350.39
C00181,P023,PR007,5590.53
C00182,P030,PR032,11272.86
C00183,P097,PR011,24337.28
C00184,P031,PR019,11591.27
C00185,P075,PR025,5337.08
C00186,P092,PR017,8286.43
C00187,P076,PR008,22741.7
C00188,P011,PR003,434.53
C00189,P001,PR031,8023.38
C00190,P050,PR038,7216.03
C00191,P026,PR026,4043.69
C00192,P098,PR042,3849.21
C00193,P004,PR001,9712.43
C00194,P086,PR035,1475.14
C00195,P049,PR017,3292.97
C00196,P060,PR042,21007.51
C00197,P002,PR003,13447.67
C00198,P068,PR009,1118.23
C00199,P036,PR050,2980.05
C00200,P012,PR013,739.19
C00201,P082,PR009,18628.13
C00202,P088,PR013,16592.25
C00203,P050,PR022,15795.02
C00204,P034,PR042,15908.43
C00205,P032,PR004,14718.73
C00206,P076,PR012,8772.89
C00207,P078,PR045,14028.43
C00208,P067,PR004,22630.92
C00209,P071,PR027,13475.46
C00210,P092,PR035,10631.79
C00211,P085,PR005,17852.98
C00212,P096,PR040,18041.83
C00213,P097,PR005,6326.94
C00214,P013,PR010,1514.79
C00215,P027,PR028,21311.5
C00216,P007,PR041,2325.89
C00217,P066,PR031,12553.14
C00218,P013,PR021,1050.94
C00219,P069,PR003,11111.58
C00220,P017,PR026,19096.88
C00221,P058,PR002,18428.81
C00222,P035,PR006,6287.71
C00223,P042,PR006,7580.9
C00224,P050,PR004,18328.52
C00225,P041,PR048,3293.62
C00226,P049,PR008,21403.7
C00227,P039,PR007,10649.52
C00228,P032,PR033,13951.58
C00229,P043,PR022,12757.54
C00230,P051,PR038,12054.75
C00231,P017,PR042,20376.3
C00232,P068,PR036,17998.57
C00233,P075,PR045,13025.96
C00234,P004,PR019,18592.31
C00235,P026,PR024,9761.5
C00236,P042,PR007,10267.1
C00237,P017,PR037,1668.33
C00238,P039,PR042,13365.36
C00239,P054,PR020,8004.04
C00240,P035,PR021,18730.98
C00241,P067,PR033,264.85
C00242,P016,PR010,7961.91
C00243,P094,PR021,19628.43
C00244,P074,PR005,11322.75
C00245,P036,PR031,11380.85
C00246,P047,PR048,24245.32
C00247,P011,PR038,20044.12
C00248,P018,PR004,13116.61
C00249,P074,PR017,19609.52
C00250,P090,PR037,18678.89
C00251,P047,PR042,9284.86
C00252,P040,PR030,14976.62
C00253,P044,PR035,12713.18
C00254,P004,PR010,6290.63
C00255,P029,PR037,3378.52
C00256,P015,PR012,19169.81
C00257,P094,PR040,1300.12
C00258,P013,PR035,17048.86
C00259,P092,PR007,5148.4
C00260,P009,PR041,14301.85
C00261,P083,PR006,21386.0
C00262,P028,PR042,20964.68
C00263,P066,PR028,595.14
C00264,P048,PR032,17771.45
C00265,P037,PR015,22287.47
C00266,P077,PR032,21644.06
C00267,P031,PR028,11332.23
C00268,P047,PR035,22819.93
C00269,P025,PR031,18159.17
C00270,P033,PR027,5074.02
C00271,P096,PR035,19269.8
C00272,P066,PR032,1956.5
C00273,P079,PR033,19915.99
C00274,P075,PR028,1050.97
C00275,P059,PR001,4784.53
C00276,P039,PR045,17298.8
C00277,P001,PR035,3045.11
C00278,P039,PR033,22185.42
C00279,P096,PR021,24271.25
C00280,P070,PR042,14320.61
C00281,P071,PR019,13164.4
C00282,P070,PR034,10237.1
C00283,P081,PR038,7728.6
C00284,P039,PR009,12682.62
C00285,P076,PR009,13772.36
C00286,P021,PR017,15934.78
C00287,P055,PR048,16555.63
C00288,P005,PR024,10550.66
C00289,P037,PR043,22388.49
C00290,P086,PR002,22473.76
C00291,P012,PR001,9616.23
C00292,P060,PR018,19907.89
C00293,P048,PR041,18746.63
C00294,P062,PR050,8446.71
C00295,P059,PR008,12118.92
C00296,P019,PR027,3749.09
C00297,P023,PR017,9225.76
C00298,P017,PR038,19664.62
C00299,P053,PR017,23479.41
C00300,P037,PR048,10547.81
C00301,P036,PR028,8430.79
C00302,P063,PR014,17900.85
C00303,P063,PR026,17918.69
C00304,P012,PR005,3280.28
C00305,P020,PR015,18267.63
C00306,P014,PR017,3935.03
C00307,P100,PR007,10008.29
C00308,P093,PR012,20867.34
C00309,P012,PR028,15316.7
C00310,P007,PR036,5496.02
C00311,P055,PR023,1223.52
C00312,P084,PR007,18376.3
C00313,P087,PR027,20880.99
C00314,P095,PR008,24878.39
C00315,P088,PR018,4517.09
C00316,P091,PR004,19671.27
C00317,P087,PR042,2225.46
C00318,P050,PR008,16734.11
C00319,P038,PR044,12720.07
C00320,P051,PR008,15172.48
C00321,P062,PR007,3770.88
C00322,P079,PR045,5069.94
C00323,P067,PR017,10444.27
C00324,P069,PR019,21729.83
C00325,P082,PR035,22830.35
C00326,P098,PR040,8460.38
C00327,P063,PR007,263.62
C00328,P094,PR043,8704.62
C00329,P091,PR018,1458.15
C00330,P081,PR029,7531.61
C00331,P013,PR015,12724.94
C00332,P035,PR046,6196.42
C00333,P019,PR009,6445.09
C00334,P053,PR036,15769.15
C00335,P008,PR035,20869.42
C00336,P066,PR010,23649.31
C00337,P035,PR018,12029.67
C00338,P040,PR018,12308.6
C00339,P064,PR024,14995.22
C00340,P031,PR022,4445.16
C00341,P098,PR012,18493.21
C00342,P075,PR045,11305.29
C00343,P020,PR004,12623.46
C00344,P068,PR045,3419.93
C00345,P098,PR014,7918.39
C00346,P064,PR031,8284.54
C00347,P017,PR009,17473.8
C00348,P029,PR006,15899.8
C00349,P090,PR004,14098.66
C00350,P088,PR008,5694.89
C00351,P026,PR033,14210.99
C00352,P040,PR028,8224.64
C00353,P100,PR002,20552.01
C00354,P079,PR015,2159.91
C00355,P029,PR018,17033.23
C00356,P044,PR018,15048.42
C00357,P067,PR025,626.96
C00358,P043,PR023,3529.06
C00359,P033,PR050,3624.81
C00360,P074,PR003,8707.69
C00361,P012,PR047,24969.52
C00362,P039,PR021,6261.36
C00363,P068,PR004,9075.83
C00364,P011,PR009,23147.76
C00365,P048,PR047,15977.53
C00366,P031,PR007,17007.12
C00367,P036,PR001,12905.19
C00368,P042,PR008,8841.44
C00369,P083,PR047,21090.97
C00370,P078,PR018,10158.82
C00371,P087,PR037,15534.9
C00372,P068,PR031,14132.78
C00373,P069,PR026,7562.33
C00374,P029,PR041,7601.65
C00375,P018,PR004,15022.28
C00376,P015,PR012,6052.51
C00377,P056,PR018,13671.62
C00378,P033,PR035,6809.81
C00379,P068,PR017,11857.19
C00380,P052,PR046,2638.65
C00381,P048,PR005,16377.81
C00382,P070,PR024,13641.58
C00383,P093,PR033,17130.5
C00384,P004,PR040,7737.79
C00385,P088,PR009,3936.53
C00386,P075,PR010,16931.63
C00387,P028,PR031,21047.66
C00388,P099,PR022,9159.02
C00389,P038,PR011,3932.33
C00390,P049,PR029,10170.72
C00391,P077,PR010,6780.41
C00392,P086,PR044,19994.73
C00393,P078,PR001,13455.12
C00394,P002,PR042,3357.81
C00395,P096,PR036,23560.18
C00396,P013,PR030,807.64
C00397,P056,PR039,16997.27
C00398,P036,PR024,10240.35
C00399,P078,PR030,1379.19
C00400,P061,PR050,983.49
C00401,P091,PR045,64.73
C00402,P006,PR008,14705.41
C00403,P068,PR033,19091.91
C00404,P071,PR018,19584.01
C00405,P073,PR042,8942.63
C00406,P061,PR045,6167.08
C00407,P080,PR016,2683.23
C00408,P046,PR011,2954.26
C00409,P006,PR046,7876.78
C00410,P094,PR023,6374.6
C00411,P081,PR050,22893.8
C00412,P079,PR028,10402.64
C00413,P046,PR019,18859.98
C00414,P044,PR029,19964.89
C00415,P031,PR041,15260.66
C00416,P019,PR004,8570.35
C00417,P015,PR033,4346.38
C00418,P083,PR041,12211.61
C00419,P044,PR049,17775.15
C00420,P075,PR002,12032.39
C00421,P027,PR025,15808.48
C00422,P023,PR026,17928.96
C00423,P013,PR016,8423.47
C00424,P043,PR043,6167.05
C00425,P087,PR030,18587.5
C00426,P048,PR032,16303.14
C00427,P085,PR047,23422.39
C00428,P056,PR029,10001.51
C00429,P016,PR037,12232.53
C00430,P035,PR009,3789.54
C00431,P049,PR027,2768.86
C00432,P004,PR042,1910.92
C00433,P024,PR030,19163.63
C00434,P086,PR033,19956.88
C00435,P037,PR010,3899.5
C00436,P068,PR007,23672.21
C00437,P003,PR030,9943.86
C00438,P082,PR046,18415.06
C00439,P030,PR035,17402.92
C00440,P001,PR035,20106.39
C00441,P055,PR011,16573.6
C00442,P044,PR043,6016.8
C00443,P100,PR035,23388.96
C00444,P021,PR012,9423.3
C00445,P003,PR033,5460.73
C00446,P031,PR003,23397.77
C00447,P093,PR013,17522.63
C00448,P089,PR040,16356.24
C00449,P069,PR005,6235.5
C00450,P100,PR030,3021.38
C00451,P083,PR004,9705.33
C00452,P072,PR007,16053.84
C00453,P062,PR003,24453.45
C00454,P031,PR050,353.6
C00455,P040,PR030,6987.91
C00456,P054,PR011,14894.42
C00457,P072,PR046,20676.75
C00458,P099,PR035,15930.73
C00459,P065,PR027,13867.81
C00460,P090,PR026,17478.7
C00461,P026,PR032,20432.12
C00462,P047,PR010,6523.34
C00463,P036,PR012,19525.0
C00464,P080,PR006,18289.4
C00465,P044,PR010,6498.79
C00466,P033,PR023,9637.35
C00467,P073,PR030,386.03
C00468,P017,PR017,5686.59
C00469,P010,PR038,13462.04
C00470,P026,PR035,10758.97
C00471,P031,PR037,3522.86
C00472,P059,PR026,17802.62
C00473,P011,PR041,23371.89
C00474,P020,PR043,1485.25
C00475,P096,PR026,9596.6
C00476,P088,PR009,14795.58
C00477,P017,PR044,13485.63
C00478,P010,PR016,21255.49
C00479,P018,PR019,5100.17
C00480,P093,PR026,8953.69
C00481,P023,PR015,7481.14
C00482,P019,PR023,12328.45
C00483,P038,PR006,12881.4
C00484,P039,PR014,17649.23
C00485,P003,PR019,20023.49
C00486,P080,PR038,2620.83
C00487,P048,PR049,11117.65
C00488,P080,PR004,1349.01
C00489,P041,PR011,20316.16
C00490,P081,PR007,2857.32
C00491,P056,PR041,14683.16
C00492,P096,PR014,12630.65
C00493,P051,PR008,22807.92
C00494,P091,PR014,20491.09
C00495,P050,PR043,23083.62
C00496,P018,PR046,14479.8
C00497,P093,PR001,17956.88
C00498,P026,PR049,14089.68
C00499,P085,PR031,13647.66
C00500,P030,PR018,990.82
C00501,P022,PR043,16781.41
C00502,P071,PR033,5866.28
C00503,P053,PR018,19233.94
C00504,P054,PR026,6835.9
C00505,P013,PR043,20784.12
C00506,P017,PR012,14009.85
C00507,P059,PR049,1168.92
C00508,P028,PR026,20581.27
C00509,P069,PR022,22703.95
C00510,P013,PR005,16969.01
C00511,P006,PR028,20852.4
C00512,P025,PR012,14903.17
C00513,P025,PR033,9650.85
C00514,P047,PR013,5856.33
C00515,P085,PR038,24537.7
C00516,P100,PR005,8558.88
C00517,P007,PR030,1152.78
C00518,P079,PR012,22287.37
C00519,P037,PR031,1124.23
C00520,P065,PR005,24764.68
C00521,P073,PR026,2345.02
C00522,P052,PR033,21059.54
C00523,P083,PR020,9889.81
C00524,P046,PR031,24027.53
C00525,P007,PR036,23693.89
C00526,P062,PR002,10699.18
C00527,P076,PR048,7966.9
C00528,P020,PR039,14753.84
C00529,P036,PR005,21632.28
C00530,P100,PR024,10407.5
C00531,P067,PR002,14412.44
C00532,P015,PR003,14366.7
C00533,P002,PR007,22560.11
C00534,P044,PR024,18769.64
C00535,P005,PR041,9285.44
C00536,P010,PR032,22410.81
C00537,P011,PR035,11182.92
C00538,P065,PR035,134.98
C00539,P021,PR021,9053.24
C00540,P019,PR038,3747.99
C00541,P014,PR026,7964.16
C00542,P066,PR027,20545.95
C00543,P044,PR017,15240.5
C00544,P005,PR046,1633.44
C00545,P081,PR016,20506.06
C00546,P034,PR049,24232.01
C00547,P071,PR019,14365.59
C00548,P080,PR006,1919.11
C00549,P022,PR018,10374.26
C00550,P017,PR019,13793.34
C00551,P083,PR017,5909.55
C00552,P013,PR018,18056.53
C00553,P007,PR048,12828.1
C00554,P027,PR035,1924.38
C00555,P041,PR022,23148.36
C00556,P067,PR009,929.53
C00557,P047,PR048,980.35
C00558,P041,PR027,18757.0
C00559,P072,PR003,17686.62
C00560,P090,PR043,15754.28
C00561,P068,PR028,4650.05
C00562,P026,PR015,2913.33
C00563,P017,PR038,12680.7
C00564,P093,PR018,11485.42
C00565,P008,PR024,24061.46
C00566,P043,PR040,18094.69
C00567,P029,PR041,283.33
C00568,P063,PR003,4151.52
C00569,P071,PR003,278.99
C00570,P098,PR006,13131.37
C00571,P023,PR003,23648.97
C00572,P026,PR014,11102.6
C00573,P032,PR032,12672.04
C00574,P042,PR026,23613.99
C00575,P010,PR013,14878.28
C00576,P025,PR044,15595.3
C00577,P075,PR028,15360.9
C00578,P047,PR002,12209.13
C00579,P014,PR043,15659.42
C00580,P086,PR040,23807.33
C00581,P056,PR046,14575.82
C00582,P044,PR005,16190.83
C00583,P025,PR045,12879.83
C00584,P064,PR039,14112.18
C00585,P071,PR033,21385.32
C00586,P077,PR044,18472.65
C00587,P099,PR029,15112.88
C00588,P022,PR018,16907.12
C00589,P068,PR020,14107.99
C00590,P051,PR039,13515.77
C00591,P033,PR020,415.96
C00592,P097,PR003,19558.79
C00593,P059,PR023,5841.99
C00594,P057,PR014,17502.64
C00595,P043,PR045,24713.05
C00596,P019,PR025,21565.14
C00597,P007,PR042,2824.99
C00598,P002,PR017,18797.87
C00599,P095,PR004,7695.68
C00600,P002,PR021,8487.06
C00601,P076,PR004,5253.65
C00602,P011,PR022,3041.16
C00603,P083,PR005,3252.7
C00604,P089,PR019,23988.97
C00605,P078,PR022,5852.67
C00606,P083,PR045,17256.49
C00607,P097,PR050,18931.31
C00608,P096,PR037,16037.16
C00609,P039,PR019,9481.49
C00610,P068,PR030,20276.54
C00611,P010,PR013,10222.34
C00612,P030,PR039,1103.47
C00613,P031,PR041,5652.64
C00614,P092,PR026,9515.04
C00615,P080,PR010,18016.16
C00616,P039,PR048,17983.57
C00617,P047,PR001,17831.05
C00618,P088,PR020,11134.59
C00619,P022,PR044,3702.34
C00620,P048,PR028,13869.69
C00621,P066,PR032,7973.7
C00622,P078,PR008,14611.12
C00623,P038,PR036,16583.62
C00624,P055,PR001,21057.6
C00625,P097,PR006,15985.65
C00626,P015,PR033,5553.16
C00627,P078,PR048,16101.24
C00628,P034,PR028,9349.75
C00629,P030,PR004,2607.05
C00630,P066,PR033,12807.64
C00631,P017,PR019,23067.4
C00632,P009,PR014,129.12
C00633,P008,PR028,18306.67
C00634,P003,PR005,1422.59
C00635,P005,PR035,8511.29
C00636,P003,PR040,269.54
C00637,P028,PR031,5042.74
C00638,P038,PR038,13789.11
C00639,P033,PR015,4607.74
C00640,P051,PR004,6002.85
C00641,P072,PR045,11343.2
C00642,P043,PR021,10198.67
C00643,P003,PR037,4666.94
C00644,P082,PR006,19049.11
C00645,P028,PR015,4454.41
C00646,P013,PR004,19881.77
C00647,P093,PR010,1617.33
C00648,P057,PR010,5811.91
C00649,P096,PR019,24046.52
C00650,P008,PR038,2277.2
C00651,P026,PR015,16635.93
C00652,P016,PR004,5099.08
C00653,P096,PR047,2942.58
C00654,P096,PR015,23462.98
C00655,P092,PR017,13203.84
C00656,P032,PR047,854.96
C00657,P033,PR049,4910.23
C00658,P045,PR023,11383.91
C00659,P085,PR040,9592.11
C00660,P087,PR025,2280.0
C00661,P032,PR032,21940.15
C00662,P023,PR039,16245.81
C00663,P031,PR005,19334.27
C00664,P056,PR018,13330.11
C00665,P043,PR049,20798.21
C00666,P053,PR030,9140.99
C00667,P041,PR026,23954.65
C00668,P066,PR002,9288.7
C00669,P039,PR011,7590.21
C00670,P017,PR036,17799.33
C00671,P020,PR011,11469.21
C00672,P081,PR010,3423.02
C00673,P011,PR040,6384.38
C00674,P046,PR042,7914.56
C00675,P036,PR031,7778.02
C00676,P055,PR010,13771.66
C00677,P058,PR007,21127.57
C00678,P088,PR021,1776.24
C00679,P024,PR031,13388.43
C00680,P006,PR047,23877.7
C00681,P084,PR023,18397.63
C00682,P047,PR033,23363.1
C00683,P046,PR033,15694.69
C00684,P086,PR024,8584.82
C00685,P016,PR012,23716.59
C00686,P005,PR018,22137.04
C00687,P092,PR014,1606.36
C00688,P039,PR021,14105.21
C00689,P032,PR024,19322.34
C00690,P030,PR019,17458.37
C00691,P001,PR013,2473.75
C00692,P018,PR015,9253.72
C00693,P035,PR010,4101.17
C00694,P010,PR020,14356.45
C00695,P066,PR035,15026.67
C00696,P070,PR028,21574.77
C00697,P057,PR038,12818.16
C00698,P024,PR033,21610.98
C00699,P026,PR028,20121.35
C00700,P036,PR014,5762.04
C00701,P019,PR009,19324.12
C00702,P003,PR011,12168.63
C00703,P024,PR004,19594.56
C00704,P011,PR040,5971.21
C00705,P090,PR014,2222.59
C00706,P083,PR042,4948.04
C00707,P044,PR011,14399.48
C00708,P086,PR046,24633.21
C00709,P003,PR014,7936.45
C00710,P062,PR036,953.33
C00711,P007,PR024,12523.93
C00712,P045,PR009,12230.38
C00713,P066,PR021,16623.81
C00714,P073,PR043,24920.27
C00715,P078,PR021,22265.37
C00716,P074,PR006,12048.96
C00717,P054,PR005,6588.68
C00718,P085,PR042,21486.36
C00719,P003,PR012,22716.27
C00720,P029,PR021,6599.33
C00721,P033,PR020,23805.51
C00722,P054,PR001,7398.15
C00723,P082,PR019,1262.55
C00724,P056,PR028,23183.97
C00725,P028,PR018,8943.72
C00726,P084,PR047,14160.26
C00727,P074,PR019,15233.39
C00728,P087,PR012,8100.46
C00729,P046,PR007,9955.3
C00730,P067,PR048,14196.69
C00731,P025,PR026,24558.47
C00732,P020,PR031,24278.32
C00733,P032,PR003,18274.23
C00734,P032,PR006,18540.95
C00735,P005,PR034,12702.86
C00736,P073,PR031,17504.81
C00737,P067,PR011,14098.86
C00738,P064,PR026,379.99
C00739,P071,PR047,14077.5
C00740,P095,PR029,4176.68
C00741,P076,PR024,1336.99
C00742,P093,PR024,20549.13
C00743,P057,PR016,17207.77
C00744,P085,PR035,7624.78
C00745,P012,PR029,18962.04
C00746,P046,PR013,4076.34
C00747,P057,PR003,23856.95
C00748,P073,PR022,24247.92
C00749,P023,PR037,12285.91
C00750,P002,PR037,5887.46
C00751,P079,PR004,11130.49
C00752,P021,PR033,5248.8
C00753,P052,PR030,3127.36
C00754,P034,PR009,24785.9
C00755,P043,PR009,4552.94
C00756,P095,PR040,13280.02
C00757,P030,PR036,17679.61
C00758,P060,PR030,12785.71
C00759,P040,PR011,13022.16
C00760,P065,PR020,14821.39
C00761,P027,PR019,16853.28
C00762,P088,PR001,20345.06
C00763,P044,PR008,10664.75
C00764,P092,PR042,12844.36
C00765,P023,PR040,22191.86
C00766,P058,PR035,11086.88
C00767,P027,PR004,2175.04
C00768,P014,PR007,13479.16
C00769,P018,PR029,9959.23
C00770,P061,PR029,13073.01
C00771,P076,PR003,14699.5
C00772,P076,PR029,12232.81
C00773,P038,PR023,19408.03
C00774,P023,PR039,6868.46
C00775,P100,PR002,13933.0
C00776,P086,PR005,24386.43
C00777,P071,PR015,11169.19
C00778,P041,PR029,8415.65
C00779,P096,PR007,9738.74
C00780,P096,PR030,6991.06
C00781,P053,PR030,8315.33
C00782,P013,PR011,10061.25
C00783,P055,PR040,18536.73
C00784,P062,PR033,3766.42
C00785,P019,PR023,24282.64
C00786,P079,PR013,5663.06
C00787,P028,PR030,16257.44
C00788,P020,PR007,17494.09
C00789,P055,PR004,11367.42
C00790,P048,PR036,8075.06
C00791,P036,PR026,403.36
C00792,P063,PR046,11161.98
C00793,P095,PR046,7612.25
C00794,P075,PR025,7863.0
C00795,P097,PR019,4394.93
C00796,P063,PR012,11172.16
C00797,P059,PR007,13475.93
C00798,P069,PR021,7942.88
C00799,P064,PR044,13997.24
C00800,P082,PR022,18104.93
C00801,P041,PR036,14827.65
C00802,P060,PR021,12136.59
C00803,P051,PR035,22696.45
C00804,P022,PR016,13437.14
C00805,P077,PR016,1338.13
C00806,P042,PR040,19005.19
C00807,P043,PR027,23568.76
C00808,P045,PR024,9071.06
C00809,P077,PR043,21827.3
C00810,P027,PR019,22681.91
C00811,P041,PR026,24886.88
C00812,P050,PR043,19352.49
C00813,P002,PR025,16300.52
C00814,P045,PR039,19601.82
C00815,P079,PR015,5885.93
C00816,P079,PR021,9648.06
C00817,P091,PR019,2438.8
C00818,P001,PR023,2376.53
C00819,P053,PR010,2829.45
C00820,P094,PR012,18849.02
C00821,P019,PR025,10953.3
C00822,P070,PR041,23611.49
C00823,P067,PR018,23558.07
C00824,P027,PR013,4001.68
C00825,P069,PR011,24105.61
C00826,P019,PR008,11078.47
C00827,P067,PR009,10810.65
C00828,P043,PR039,19853.93
C00829,P090,PR044,7965.98
C00830,P018,PR002,8997.74
C00831,P023,PR015,5913.72
C00832,P064,PR038,12243.65
C00833,P084,PR006,3382.58
C00834,P061,PR037,24895.49
C00835,P027,PR024,17735.02
C00836,P036,PR048,8746.12
C00837,P009,PR025,11905.62
C00838,P068,PR030,22186.25
C00839,P093,PR016,5193.14
C00840,P001,PR047,17444.98
C00841,P006,PR018,20501.15
C00842,P025,PR005,19942.26
C00843,P099,PR008,21682.72
C00844,P043,PR007,11162.36
C00845,P074,PR034,17764.43
C00846,P062,PR043,7051.63
C00847,P056,PR024,16218.87
C00848,P097,PR025,10314.08
C00849,P048,PR036,23075.57
C00850,P026,PR005,3663.39
C00851,P031,PR002,6063.83
C00852,P051,PR030,19623.25
C00853,P057,PR037,2429.58
C00854,P023,PR034,239.28
C00855,P056,PR018,10415.38
C00856,P031,PR045,19301.85
C00857,P048,PR027,19484.98
C00858,P075,PR048,1230.17
C00859,P059,PR009,17234.03
C00860,P067,PR024,14639.18
C00861,P045,PR008,21037.74
C00862,P032,PR041,16006.5
C00863,P056,PR010,20139.57
C00864,P047,PR009,3803.96
C00865,P004,PR031,15965.1
C00866,P062,PR005,18767.74
C00867,P076,PR028,2341.82
C00868,P070,PR039,12557.66
C00869,P017,PR035,21208.71
C00870,P091,PR026,16097.01
C00871,P070,PR027,6082.74
C00872,P067,PR025,11965.89
C00873,P094,PR021,10974.73
C00874,P009,PR014,14816.22
C00875,P090,PR024,2653.69
C00876,P046,PR007,22081.41
C00877,P026,PR008,17256.69
C00878,P076,PR006,139.61
C00879,P056,PR016,2331.94
C00880,P063,PR040,1592.58
C00881,P055,PR036,7490.87
C00882,P081,PR003,16770.71
C00883,P004,PR018,22727.54
C00884,P062,PR029,5511.29
C00885,P042,PR050,24277.64
C00886,P062,PR029,13373.68
C00887,P035,PR033,4386.61
C00888,P091,PR029,11415.81
C00889,P075,PR038,4605.72
C00890,P066,PR043,9975.13
C00891,P086,PR045,10374.02
C00892,P088,PR036,14941.94
C00893,P062,PR049,15776.01
C00894,P040,PR002,1626.02
C00895,P019,PR032,24319.36
C00896,P015,PR024,6516.37
C00897,P040,PR035,21987.65
C00898,P018,PR007,12570.95
C00899,P018,PR030,21280.22
C00900,P058,PR031,18254.54
C00901,P042,PR035,9313.68
C00902,P092,PR001,13466.45
C00903,P099,PR018,15581.67
C00904,P009,PR030,7118.54
C00905,P083,PR018,18135.49
C00906,P065,PR045,590.29
C00907,P052,PR008,2492.08
C00908,P042,PR039,15512.99
C00909,P090,PR045,14342.01
C00910,P058,PR006,15294.51
C00911,P068,PR022,14746.14
C00912,P087,PR003,4739.7
C00913,P008,PR040,2952.47
C00914,P006,PR008,13899.6
C00915,P040,PR049,19626.93
C00916,P021,PR035,3797.05
C00917,P028,PR006,12617.49
C00918,P089,PR037,10910.87
C00919,P079,PR009,7183.53
C00920,P032,PR005,21409.46
C00921,P034,PR004,23330.78
C00922,P003,PR028,15292.42
C00923,P037,PR031,10576.74
C00924,P009,PR012,5408.9
C00925,P087,PR003,23278.35
C00926,P097,PR028,23836.48
C00927,P054,PR023,23521.24
C00928,P066,PR010,24760.42
C00929,P029,PR015,20253.61
C00930,P008,PR024,1721.82
C00931,P058,PR021,20363.25
C00932,P029,PR017,3917.0
C00933,P091,PR034,9566.9
C00934,P062,PR044,18320.11
C00935,P079,PR001,11830.57
C00936,P034,PR050,19836.0
C00937,P038,PR014,19965.64
C00938,P089,PR041,9544.7
C00939,P005,PR050,9594.68
C00940,P069,PR002,3337.89
C00941,P064,PR042,2522.25
C00942,P038,PR045,15639.24
C00943,P026,PR034,8382.05
C00944,P032,PR016,12317.39
C00945,P015,PR012,12436.87
C00946,P091,PR042,23563.83
C00947,P082,PR040,10858.44
C00948,P071,PR027,20937.71
C00949,P004,PR041,10012.32
C00950,P019,PR028,3223.73
C00951,P038,PR025,15425.56
C00952,P082,PR007,5079.08
C00953,P035,PR031,14905.86
C00954,P034,PR033,20755.74
C00955,P014,PR021,19576.35
C00956,P020,PR036,17869.32
C00957,P034,PR044,22556.79
C00958,P004,PR036,16542.92
C00959,P013,PR050,9300.3
C00960,P034,PR049,2413.28
C00961,P018,PR006,10188.21
C00962,P049,PR002,11999.47
C00963,P093,PR009,19389.79
C00964,P072,PR026,12324.49
C00965,P099,PR015,12759.29
C00966,P049,PR004,10293.08
C00967,P011,PR016,16835.25
C00968,P059,PR006,7375.39
C00969,P006,PR023,19246.85
C00970,P009,PR005,20702.9
C00971,P075,PR020,8893.12
C00972,P012,PR035,11791.25
C00973,P046,PR021,21412.96
C00974,P022,PR041,8912.05
C00975,P068,PR016,8216.83
C00976,P030,PR016,15877.98
C00977,P090,PR014,7804.16
C00978,P040,PR035,8102.87
C00979,P039,PR038,169.72
C00980,P062,PR017,21841.62
C00981,P030,PR010,24308.76
C00982,P021,PR006,6527.91
C00983,P026,PR009,4166.55
C00984,P071,PR040,1896.78
C00985,P050,PR046,5315.09
C00986,P005,PR029,5439.34
C00987,P015,PR045,22417.41
C00988,P099,PR015,18049.29
C00989,P038,PR033,24591.45
C00990,P084,PR029,8445.6
C00991,P009,PR005,20591.78
C00992,P016,PR034,11616.05
C00993,P072,PR030,293.87
C00994,P022,PR030,10845.86
C00995,P015,PR013,437.29
C00996,P040,PR014,12999.21
C00997,P038,PR020,6639.71
C00998,P045,PR018,7222.9
C00999,P004,PR001,15690.41
C01000,P057,PR003,5196.79
C01001,P041,PR029,16561.36
C01002,P015,PR016,16841.22
C01003,P015,PR013,801.65
C01004,P082,PR009,15598.37
C01005,P088,PR043,24353.31
C01006,P057,PR047,767.67
C01007,P030,PR031,4362.92
C01008,P069,PR001,5638.07
C01009,P009,PR002,21788.14
C01010,P042,PR037,2163.39
C01011,P070,PR017,4911.31
C01012,P002,PR035,7028.8
C01013,P034,PR035,9667.17
C01014,P052,PR034,13238.44
C01015,P060,PR018,2258.27
C01016,P098,PR031,14091.37
C01017,P018,PR040,5246.37
C01018,P004,PR034,1339.2
C01019,P041,PR010,5510.66
C01020,P051,PR003,22012.58
C01021,P094,PR038,11895.45
C01022,P065,PR005,19966.12
C01023,P005,PR009,13906.45
C01024,P070,PR025,13630.23
C01025,P076,PR003,5479.18
C01026,P039,PR046,9538.17
C01027,P039,PR034,620.81
C01028,P073,PR018,4808.34
C01029,P067,PR048,13362.79
C01030,P021,PR015,2243.86
C01031,P062,PR011,1362.76
C01032,P052,PR019,420.68
C01033,P013,PR003,17717.48
C01034,P056,PR031,23894.97
C01035,P028,PR037,11742.61
C01036,P085,PR007,24248.49
C01037,P085,PR026,21828.04
C01038,P009,PR009,8480.58
C01039,P061,PR032,12829.68
C01040,P048,PR028,20433.82
C01041,P075,PR016,21173.28
C01042,P057,PR017,23547.19
C01043,P046,PR025,24830.45
C01044,P073,PR015,9461.82
C01045,P080,PR007,4562.67
C01046,P077,PR041,20139.51
C01047,P010,PR002,10516.16
C01048,P076,PR032,1567.71
C01049,P098,PR030,22515.29
C01050,P081,PR042,19115.82
C01051,P030,PR030,8811.03
C01052,P012,PR022,16935.28
C01053,P036,PR038,13123.39
C01054,P079,PR022,3288.37
C01055,P022,PR028,17202.18
C01056,P092,PR029,18252.08
C01057,P063,PR048,9624.18
C01058,P065,PR017,3054.41
C01059,P034,PR002,14159.2
C01060,P042,PR041,12886.37
C01061,P024,PR015,7375.57
C01062,P011,PR011,11414.63
C01063,P052,PR041,20350.02
C01064,P058,PR044,11827.68
C01065,P085,PR007,14089.19
C01066,P073,PR006,23326.4
C01067,P005,PR004,517.63
C01068,P005,PR018,7807.82
C01069,P069,PR031,15466.16
C01070,P088,PR022,475.12
C01071,P044,PR016,21199.19
C01072,P029,PR023,18388.74
C01073,P092,PR004,621.69
C01074,P066,PR013,9872.97
C01075,P023,PR015,2078.79
C01076,P006,PR012,8040.74
C01077,P059,PR035,20418.2
C01078,P068,PR011,1002.9
C01079,P055,PR015,20385.38
C01080,P033,PR044,13002.17
C01081,P057,PR013,20967.83
C01082,P078,PR046,9471.05
C01083,P052,PR033,10680.06
C01084,P057,PR022,14140.93
C01085,P004,PR006,11838.81
C01086,P094,PR048,10512.7
C01087,P056,PR011,20890.65
C01088,P066,PR050,12719.76
C01089,P065,PR040,4339.41
C01090,P053,PR048,12058.73
C01091,P045,PR046,11444.18
C01092,P051,PR036,9445.25
C01093,P031,PR023,13577.46
C01094,P092,PR046,13301.03
C01095,P034,PR002,21312.78
C01096,P010,PR017,17739.57
C01097,P050,PR011,6636.07
C01098,P099,PR038,6346.46
C01099,P003,PR011,20527.31
C01100,P015,PR015,3843.98
C01101,P050,PR004,4355.85
C01102,P013,PR030,13752.69
C01103,P084,PR030,19643.69
C01104,P008,PR018,1329.77
C01105,P061,PR048,16058.76
C01106,P046,PR039,10973.91
C01107,P044,PR021,21844.85
C01108,P084,PR025,7286.48
C01109,P030,PR047,11062.59
C01110,P045,PR028,10812.62
C01111,P094,PR048,10923.99
C01112,P035,PR012,3813.81
C01113,P007,PR022,24057.32
C01114,P049,PR005,15798.33
C01115,P041,PR037,22572.34
C01116,P023,PR010,19114.92
C01117,P081,PR008,13310.42
C01118,P062,PR046,5866.98
C01119,P079,PR034,22798.44
C01120,P092,PR011,19337.69
C01121,P039,PR011,21246.19
C01122,P018,PR042,10028.89
C01123,P063,PR023,17612.77
C01124,P005,PR035,1926.22
C01125,P048,PR016,3933.5
C01126,P051,PR029,12778.4
C01127,P035,PR028,14936.28
C01128,P044,PR031,22513.42
C01129,P011,PR038,15291.86
C01130,P100,PR009,22942.56
C01131,P072,PR048,11774.47
C01132,P023,PR006,253.64
C01133,P004,PR012,7000.41
C01134,P093,PR030,10086.32
C01135,P070,PR033,6819.86
C01136,P088,PR017,13942.16
C01137,P014,PR046,9912.52
C01138,P031,PR005,18179.31
C01139,P041,PR009,17162.88
C01140,P004,PR041,17683.91
C01141,P082,PR004,7295.75
C01142,P099,PR043,21611.43
C01143,P003,PR045,15540.36
C01144,P041,PR038,300.34
C01145,P069,PR021,22995.63
C01146,P094,PR026,17373.72
C01147,P098,PR047,1327.22
C01148,P088,PR029,21364.78
C01149,P089,PR042,2478.85
C01150,P052,PR048,3125.88
C01151,P073,PR002,337.11
C01152,P100,PR036,14911.45
C01153,P098,PR023,4430.68
C01154,P095,PR003,3622.03
C01155,P037,PR034,17543.77
C01156,P053,PR042,4196.43
C01157,P073,PR031,18090.63
C01158,P075,PR039,6445.06
C01159,P087,PR003,19488.37
C01160,P051,PR035,23509.37
C01161,P053,PR010,8133.66
C01162,P059,PR026,14455.97
C01163,P072,PR043,3183.97
C01164,P083,PR006,15149.08
C01165,P079,PR026,6549.42
C01166,P063,PR047,886.35
C01167,P081,PR048,7302.2
C01168,P082,PR018,9736.03
C01169,P016,PR017,24139.12
C01170,P016,PR043,23099.65
C01171,P014,PR030,23670.11
C01172,P060,PR016,19572.33
C01173,P006,PR015,2044.3
C01174,P013,PR047,984.22
C01175,P085,PR008,1143.34
C01176,P054,PR010,20387.78
C01177,P015,PR004,21073.5
C01178,P050,PR040,15621.9
C01179,P029,PR011,13430.77
C01180,P063,PR011,8839.26
C01181,P078,PR026,20676.98
C01182,P073,PR043,4325.81
C01183,P068,PR005,23272.74
C01184,P097,PR004,23907.24
C01185,P074,PR020,2530.68
C01186,P012,PR001,21786.7
C01187,P007,PR048,7065.19
C01188,P040,PR038,23316.93
C01189,P098,PR017,11492.92
C01190,P016,PR042,5625.58
C01191,P083,PR043,19473.11
C01192,P066,PR033,22143.31
C01193,P004,PR024,21801.89
C01194,P058,PR007,24831.29
C01195,P087,PR010,6905.87
C01196,P048,PR017,18998.7
C01197,P028,PR022,23062.21
C01198,P019,PR036,5613.13
C01199,P079,PR001,5790.27
C01200,P062,PR023,16046.69
C01201,P053,PR043,8607.4
C01202,P080,PR029,2842.82
C01203,P007,PR034,7418.59
C01204,P066,PR021,5016.81
C01205,P027,PR015,20912.16
C01206,P031,PR025,8708.1
C01207,P001,PR032,19317.4
C01208,P018,PR028,19129.1
C01209,P012,PR034,19997.98
C01210,P036,PR007,5520.21
C01211,P055,PR026,3598.06
C01212,P086,PR029,20587.07
C01213,P086,PR014,4073.64
C01214,P035,PR024,20943.08
C01215,P042,PR023,18686.16
C01216,P073,PR049,3775.87
C01217,P029,PR017,23085.78
C01218,P100,PR039,13422.76
C01219,P044,PR002,22737.88
C01220,P023,PR045,5062.16
C01221,P083,PR015,1872.96
C01222,P089,PR024,17220.41
C01223,P048,PR049,20327.16
C01224,P025,PR007,24057.45
C01225,P051,PR022,14350.69
C01226,P088,PR027,8609.29
C01227,P076,PR045,6470.42
C01228,P052,PR049,15384.15
C01229,P099,PR023,15351.69
C01230,P056,PR015,15336.63
C01231,P045,PR050,7106.26
C01232,P004,PR007,14888.13
C01233,P007,PR011,15574.41
C01234,P029,PR050,22036.89
C01235,P057,PR019,10611.45
C01236,P080,PR001,1747.07
C01237,P020,PR047,14696.44
C01238,P061,PR043,23343.14
C01239,P064,PR007,10282.98
C01240,P083,PR011,22529.68
C01241,P085,PR032,5412.99
C01242,P040,PR036,19477.55
C01243,P039,PR019,19709.74
C01244,P033,PR042,12881.56
C01245,P061,PR009,10938.32
C01246,P067,PR021,5311.97
C01247,P006,PR020,12585.64
C01248,P074,PR019,12455.56
C01249,P034,PR011,7280.06
C01250,P043,PR010,6509.51
C01251,P087,PR029,23521.37
C01252,P064,PR047,4253.9
C01253,P050,PR003,2364.06
C01254,P027,PR021,1324.88
C01255,P096,PR020,1051.85
C01256,P014,PR040,15672.45
C01257,P042,PR009,23039.2
C01258,P045,PR016,15641.67
C01259,P067,PR028,23442.04
C01260,P031,PR034,2137.6
C01261,P043,PR002,16334.68
C01262,P004,PR011,22319.31
C01263,P096,PR018,20113.66
C01264,P079,PR014,21309.76
C01265,P055,PR019,15756.78
C01266,P006,PR003,12455.56
C01267,P070,PR044,22689.61
C01268,P015,PR025,7232.31
C01269,P007,PR015,8373.78
C01270,P076,PR037,12198.77
C01271,P027,PR038,12808.42
C01272,P012,PR022,19914.23
C01273,P052,PR042,4524.56
C01274,P031,PR034,23694.65
C01275,P063,PR005,20071.13
C01276,P054,PR044,9910.75
C01277,P033,PR050,88.83
C01278,P005,PR017,19533.03
C01279,P024,PR040,6353.17
C01280,P058,PR045,10895.91
C01281,P013,PR020,19736.43
C01282,P062,PR012,20424.21
C01283,P071,PR014,3196.07
C01284,P087,PR026,13793.5
C01285,P073,PR033,7462.42
C01286,P094,PR025,8530.11
C01287,P033,PR011,14965.57
C01288,P026,PR005,4411.96
C01289,P090,PR044,14458.69
C01290,P049,PR034,14190.77
C01291,P003,PR015,23045.96
C01292,P088,PR002,16809.3
C01293,P068,PR027,19126.34
C01294,P099,PR012,1381.87
C01295,P100,PR026,16345.84
C01296,P025,PR011,5590.88
C01297,P079,PR029,13523.58
C01298,P043,PR043,16631.83
C01299,P025,PR033,14915.98
C01300,P050,PR016,16794.39
C01301,P080,PR017,22338.77
C01302,P092,PR010,17818.84
C01303,P035,PR024,14480.89
C01304,P036,PR033,16040.55
C01305,P099,PR013,13450.62
C01306,P003,PR007,5503.8
C01307,P022,PR048,8085.62
C01308,P021,PR042,16148.77
C01309,P078,PR015,9727.7
C01310,P033,PR014,15898.71
C01311,P049,PR003,19211.04
C01312,P020,PR047,12451.78
C01313,P056,PR020,23779.33
C01314,P047,PR026,19480.24
C01315,P046,PR040,4989.88
C01316,P036,PR017,12108.56
C01317,P020,PR038,8946.83
C01318,P050,PR004,1852.61
C01319,P010,PR050,12366.0
C01320,P059,PR020,1054.51
C01321,P044,PR001,20749.71
C01322,P087,PR040,12410.07
C01323,P056,PR028,10619.78
C01324,P047,PR039,18019.15
C01325,P098,PR013,18559.05
C01326,P051,PR019,22228.13
C01327,P011,PR047,4068.82
C01328,P044,PR024,14232.44
C01329,P091,PR025,3121.38
C01330,P049,PR004,10871.82
C01331,P026,PR008,24961.19
C01332,P089,PR031,9622.26
C01333,P088,PR009,5541.57
C01334,P013,PR045,8704.4
C01335,P065,PR029,20254.17
C01336,P022,PR025,15788.45
C01337,P062,PR037,24016.22
C01338,P005,PR033,5000.86
C01339,P032,PR049,3327.07
C01340,P036,PR036,376.11
C01341,P048,PR019,20806.53
C01342,P028,PR004,23328.04
C01343,P085,PR044,3744.1
C01344,P009,PR046,3952.14
C01345,P054,PR018,19143.97
C01346,P017,PR005,22525.28
C01347,P098,PR011,15070.66
C01348,P028,PR026,13549.71
C01349,P063,PR012,15100.51
C01350,P064,PR016,5137.57
C01351,P088,PR010,6150.91
C01352,P025,PR040,15364.07
C01353,P019,PR036,6525.24
C01354,P009,PR050,18801.77
C01355,P074,PR024,24741.2
C01356,P046,PR034,7005.4
C01357,P085,PR037,11769.23
C01358,P072,PR037,17771.23
C01359,P029,PR009,13869.93
C01360,P016,PR028,18552.28
C01361,P048,PR015,11121.79
C01362,P072,PR026,8347.44
C01363,P073,PR012,1355.6
C01364,P007,PR024,21581.36
C01365,P060,PR011,16598.1
C01366,P060,PR037,9361.7
C01367,P020,PR030,5064.46
C01368,P062,PR035,7090.09
C01369,P027,PR009,15245.34
C01370,P037,PR007,20816.14
C01371,P012,PR042,5713.01
C01372,P055,PR033,5394.22
C01373,P039,PR032,17936.21
C01374,P049,PR014,15916.25
C01375,P007,PR020,18686.36
C01376,P080,PR014,10745.16
C01377,P098,PR030,8173.34
C01378,P032,PR042,2676.16
C01379,P065,PR004,18482.35
C01380,P021,PR002,12884.45
C01381,P063,PR024,13753.37
C01382,P055,PR002,23192.87
C01383,P077,PR043,10926.52
C01384,P031,PR034,24959.95
C01385,P072,PR041,1127.5
C01386,P084,PR013,16195.04
C01387,P041,PR003,24397.56
C01388,P018,PR029,21037.6
C01389,P023,PR029,3701.75
C01390,P033,PR033,9580.68
C01391,P012,PR033,3129.69
C01392,P090,PR025,20972.29
C01393,P047,PR014,989.2
C01394,P053,PR015,24078.83
C01395,P026,PR011,5956.12
C01396,P068,PR043,8497.57
C01397,P090,PR020,23227.2
C01398,P099,PR040,14382.0
C01399,P065,PR016,18994.8
C01400,P028,PR019,3125.43
C01401,P099,PR037,24785.66
C01402,P098,PR003,15597.72
C01403,P012,PR034,16279.77
C01404,P059,PR035,2057.13
C01405,P093,PR009,20472.9
C01406,P006,PR046,22750.86
C01407,P041,PR043,23302.91
C01408,P046,PR029,24445.84
C01409,P025,PR026,11617.23
C01410,P011,PR026,9178.58
C01411,P037,PR014,14631.77
C01412,P048,PR041,236.57
C01413,P058,PR049,10162.54
C01414,P090,PR012,7514.53
C01415,P084,PR015,18621.85
C01416,P043,PR014,24175.83
C01417,P007,PR002,17695.94
C01418,P077,PR030,8140.47
C01419,P092,PR003,6685.09
C01420,P076,PR034,22587.01
C01421,P035,PR005,17961.99
C01422,P032,PR001,3294.22
C01423,P097,PR027,8718.09
C01424,P064,PR003,9674.4
C01425,P040,PR045,10509.43
C01426,P032,PR015,12972.69
C01427,P056,PR037,6636.36
C01428,P001,PR010,24443.07
C01429,P061,PR046,19109.93
C01430,P020,PR023,1985.52
C01431,P077,PR016,13945.1
C01432,P071,PR010,24803.2
C01433,P052,PR009,15299.39
C01434,P094,PR022,4898.15
C01435,P018,PR039,22140.63
C01436,P015,PR009,19394.02
C01437,P077,PR018,24988.64
C01438,P046,PR001,22473.83
C01439,P090,PR001,1640.8
C01440,P059,PR046,10848.82
C01441,P051,PR020,17131.16
C01442,P051,PR028,18902.13
C01443,P058,PR023,7344.76
C01444,P061,PR012,24360.8
C01445,P002,PR020,5786.9
C01446,P007,PR032,1539.25
C01447,P001,PR006,14867.57
C01448,P060,PR001,24411.85
C01449,P082,PR016,3355.22
C01450,P051,PR048,15437.78
C01451,P050,PR015,14859.07
C01452,P080,PR018,4624.18
C01453,P028,PR011,2309.97
C01454,P043,PR023,2199.44
C01455,P072,PR015,5156.76
C01456,P072,PR035,11227.0
C01457,P100,PR046,2116.35
C01458,P074,PR023,23579.42
C01459,P022,PR012,15468.67
C01460,P046,PR012,17201.06
C01461,P064,PR040,2027.55
C01462,P059,PR028,5505.69
C01463,P009,PR043,15865.82
C01464,P043,PR026,20993.71
C01465,P075,PR021,10787.07
C01466,P080,PR039,16299.91
C01467,P025,PR027,8723.54
C01468,P095,PR032,8697.37
C01469,P016,PR029,8265.68
C01470,P029,PR020,10301.25
C01471,P087,PR009,4828.18
C01472,P091,PR033,15420.09
C01473,P021,PR038,7785.8
C01474,P085,PR008,6680.05
C01475,P076,PR008,23446.13
C01476,P091,PR041,13977.16
C01477,P073,PR016,23270.24
C01478,P056,PR004,3565.25
C01479,P047,PR033,7329.31
C01480,P049,PR006,14169.92
C01481,P017,PR044,24753.48
C01482,P066,PR015,10728.3
C01483,P009,PR038,18094.65
C01484,P047,PR035,13040.81
C01485,P008,PR046,5140.4
C01486,P003,PR023,5978.72
C01487,P091,PR034,13184.64
C01488,P053,PR036,10403.73
C01489,P031,PR001,5530.17
C01490,P066,PR035,24093.96
C01491,P084,PR010,21492.47
C01492,P012,PR002,3599.95
C01493,P035,PR015,9051.52
C01494,P094,PR009,2389.53
C01495,P053,PR023,14865.72
C01496,P006,PR036,1600.38
C01497,P087,PR030,993.66
C01498,P082,PR021,7819.16
C01499,P039,PR044,23890.3
C01500,P050,PR020,19835.09
C01501,P062,PR019,16823.9
C01502,P075,PR044,16288.93
C01503,P092,PR007,10628.41
C01504,P027,PR008,15788.38
C01505,P032,PR031,22840.74
C01506,P028,PR022,5410.35
C01507,P038,PR019,21566.23
C01508,P060,PR045,13979.42
C01509,P092,PR033,5299.99
C01510,P060,PR025,2133.96
C01511,P004,PR005,24210.74
C01512,P093,PR040,11261.78
C01513,P093,PR019,20378.92
C01514,P054,PR012,16081.42
C01515,P086,PR026,9406.51
C01516,P094,PR030,5572.32
C01517,P064,PR001,7350.75
C01518,P061,PR032,22383.88
C01519,P046,PR049,2780.56
C01520,P093,PR045,16766.84
C01521,P016,PR014,17243.42
C01522,P050,PR014,10556.42
C01523,P094,PR012,24431.89
C01524,P090,PR044,9693.69
C01525,P048,PR034,3585.85
C01526,P009,PR033,17814.58
C01527,P006,PR038,19412.95
C01528,P098,PR033,13611.35
C01529,P093,PR030,16393.4
C01530,P040,PR020,11914.14
C01531,P003,PR046,11306.98
C01532,P086,PR044,14488.75
C01533,P056,PR046,9114.14
C01534,P028,PR050,24783.75
C01535,P027,PR043,11555.25
C01536,P061,PR018,24567.45
C01537,P080,PR027,7149.33
C01538,P057,PR005,2823.63
C01539,P042,PR029,22767.12
C01540,P087,PR019,12996.19
C01541,P030,PR033,22610.17
C01542,P041,PR016,3919.43
C01543,P033,PR046,22257.22
C01544,P032,PR027,21096.28
C01545,P087,PR028,9982.33
C01546,P018,PR005,2166.41
C01547,P060,PR039,18194.17
C01548,P029,PR019,15115.2
C01549,P035,PR001,7131.25
C01550,P020,PR008,18563.77
C01551,P037,PR048,16780.76
C01552,P089,PR027,13876.42
C01553,P085,PR048,17063.31
C01554,P013,PR050,4180.49
C01555,P063,PR028,2817.36
C01556,P008,PR023,16181.74
C01557,P040,PR003,24625.19
C01558,P040,PR029,835.5
C01559,P037,PR036,15708.16
C01560,P034,PR048,6882.38
C01561,P037,PR033,8488.74
C01562,P012,PR045,938.86
C01563,P017,PR025,8110.85
C01564,P061,PR011,7359.3
C01565,P097,PR017,489.94
C01566,P082,PR040,14244.0
C01567,P054,PR035,20663.0
C01568,P099,PR002,20199.09
C01569,P066,PR025,2699.86
C01570,P074,PR037,461.25
C01571,P050,PR006,12507.23
C01572,P028,PR023,14656.99
C01573,P053,PR031,21709.83
C01574,P041,PR013,24496.23
C01575,P017,PR031,11796.58
C01576,P056,PR041,12900.38
C01577,P054,PR029,13806.68
C01578,P038,PR006,1348.31
C01579,P055,PR010,22760.15
C01580,P045,PR050,22262.77
C01581,P026,PR006,11437.24
C01582,P015,PR038,15169.16
C01583,P085,PR007,21764.17
C01584,P027,PR039,7975.73
C01585,P021,PR022,19287.13
C01586,P027,PR048,19823.19
C01587,P072,PR038,23824.07
C01588,P063,PR037,11558.02
C01589,P065,PR029,9684.05
C01590,P067,PR050,15954.42
C01591,P061,PR012,20932.3
C01592,P019,PR001,4419.99
C01593,P023,PR042,16003.93
C01594,P027,PR050,3402.78
C01595,P032,PR030,19770.87
C01596,P011,PR032,12685.9
C01597,P050,PR026,15286.26
C01598,P096,PR028,13628.72
C01599,P083,PR033,17053.1
C01600,P056,PR031,7039.12
C01601,P017,PR043,16584.73
C01602,P049,PR003,23837.06
C01603,P036,PR040,19576.37
C01604,P057,PR014,3920.58
C01605,P050,PR029,15710.33
C01606,P087,PR004,8720.48
C01607,P029,PR043,3945.28
C01608,P076,PR050,17012.31
C01609,P100,PR032,23411.21
C01610,P020,PR039,15896.43
C01611,P093,PR005,16523.93
C01612,P080,PR026,22578.73
C01613,P010,PR005,55.53
C01614,P004,PR043,1922.37
C01615,P012,PR009,13732.2
C01616,P008,PR014,24970.44
C01617,P056,PR022,17064.58
C01618,P085,PR023,5045.38
C01619,P088,PR011,10273.79
C01620,P046,PR008,10597.48
C01621,P043,PR033,23074.34
C01622,P002,PR043,1446.12
C01623,P053,PR050,22666.26
C01624,P092,PR014,5084.88
C01625,P086,PR011,11412.87
C01626,P066,PR002,8210.1
C01627,P080,PR019,16483.36
C01628,P020,PR029,1355.99
C01629,P037,PR011,19122.85
C01630,P004,PR040,7927.82
C01631,P019,PR017,2711.53
C01632,P033,PR042,24230.6
C01633,P074,PR032,12501.69
C01634,P010,PR009,7175.71
C01635,P004,PR042,21097.11
C01636,P021,PR050,16994.71
C01637,P032,PR038,15442.33
C01638,P014,PR001,23432.81
C01639,P026,PR037,9171.68
C01640,P082,PR011,6789.45
C01641,P013,PR006,7543.74
C01642,P049,PR020,13648.72
C01643,P039,PR009,7477.98
C01644,P069,PR008,7519.21
C01645,P013,PR050,19112.88
C01646,P057,PR026,16018.1
C01647,P013,PR002,24103.63
C01648,P051,PR031,24140.33
C01649,P001,PR019,17366.8
C01650,P061,PR024,4544.66
C01651,P062,PR036,21488.03
C01652,P026,PR034,18456.91
C01653,P069,PR042,5700.08
C01654,P056,PR045,22458.38
C01655,P026,PR046,9148.49
C01656,P030,PR004,6178.46
C01657,P015,PR024,1714.96
C01658,P006,PR014,10826.83
C01659,P095,PR027,11261.77
C01660,P059,PR043,14908.92
C01661,P079,PR042,16117.21
C01662,P048,PR003,5129.41
C01663,P088,PR017,3300.78
C01664,P067,PR049,18497.74
C01665,P098,PR027,20966.57
C01666,P042,PR007,20866.68
C01667,P095,PR042,5620.56
C01668,P092,PR025,4913.83
C01669,P040,PR043,19490.85
C01670,P030,PR002,16979.79
C01671,P032,PR039,6972.2
C01672,P024,PR043,17521.01
C01673,P002,PR023,18230.14
C01674,P020,PR045,14166.96
C01675,P050,PR032,11405.51
C01676,P088,PR008,24274.29
C01677,P077,PR023,1590.07
C01678,P031,PR011,4972.0
C01679,P018,PR048,9496.69
C01680,P076,PR023,24742.16
C01681,P011,PR003,23934.19
C01682,P071,PR030,20035.97
C01683,P074,PR023,7231.8
C01684,P048,PR048,19572.91
C01685,P048,PR001,23317.21
C01686,P015,PR025,7577.04
C01687,P035,PR004,16750.34
C01688,P098,PR033,12020.24
C01689,P007,PR032,7977.56
C01690,P091,PR028,18467.81
C01691,P075,PR036,21022.59
C01692,P029,PR011,12811.83
C01693,P052,PR017,4836.87
C01694,P026,PR048,2839.23
C01695,P022,PR027,10570.71
C01696,P033,PR039,18143.95
C01697,P012,PR017,6031.25
C01698,P036,PR037,21875.18
C01699,P059,PR028,471.98
C01700,P040,PR033,3506.5
C01701,P053,PR003,11704.77
C01702,P096,PR032,21361.74
C01703,P067,PR047,1165.19
C01704,P014,PR045,20271.43
C01705,P038,PR027,11610.91
C01706,P084,PR035,10710.14
C01707,P053,PR002,21515.39
C01708,P077,PR004,7319.74
C01709,P042,PR033,766.01
C01710,P070,PR004,5496.42
C01711,P095,PR007,4139.4
C01712,P096,PR027,13013.64
C01713,P019,PR006,24387.77
C01714,P064,PR034,1622.37
C01715,P047,PR041,20729.56
C01716,P059,PR026,15308.51
C01717,P088,PR019,12489.24
C01718,P072,PR005,13269.54
C01719,P003,PR041,2244.29
C01720,P027,PR039,14895.01
C01721,P090,PR024,12024.37
C01722,P019,PR050,21407.89
C01723,P090,PR009,10644.72
C01724,P006,PR005,8933.89
C01725,P095,PR045,19999.99
C01726,P088,PR017,18097.07
C01727,P048,PR020,10198.1
C01728,P061,PR029,9240.3
C01729,P080,PR045,10346.45
C01730,P017,PR045,11970.77
C01731,P082,PR045,6358.87
C01732,P074,PR031,15150.82
C01733,P038,PR034,20144.62
C01734,P045,PR032,3328.35
C01735,P019,PR042,17400.79
C01736,P020,PR015,8361.08
C01737,P009,PR044,13856.37
C01738,P076,PR024,4290.52
C01739,P054,PR041,10276.99
C01740,P035,PR015,15441.14
C01741,P084,PR031,8969.13
C01742,P034,PR032,18000.25
C01743,P059,PR003,10708.42
C01744,P063,PR034,3780.96
C01745,P019,PR014,18405.04
C01746,P016,PR008,19628.41
C01747,P042,PR010,11752.0
C01748,P067,PR029,21638.75
C01749,P068,PR010,23515.69
C01750,P020,PR004,4776.19
C01751,P052,PR022,16111.83
C01752,P034,PR032,7268.83
C01753,P056,PR006,5404.0
C01754,P074,PR021,10148.21
C01755,P038,PR016,7540.96
C01756,P056,PR023,21630.93
C01757,P042,PR044,18659.63
C01758,P016,PR044,9325.88
C01759,P037,PR014,24816.68
C01760,P076,PR007,15086.5
C01761,P094,PR017,472.96
C01762,P043,PR008,9994.07
C01763,P059,PR019,13676.84
C01764,P048,PR010,12330.18
C01765,P014,PR025,22206.34
C01766,P041,PR001,24538.56
C01767,P060,PR041,5918.04
C01768,P041,PR010,5136.99
C01769,P022,PR019,8644.96
C01770,P083,PR050,17495.83
C01771,P027,PR040,23704.27
C01772,P078,PR030,19839.6
C01773,P086,PR044,11613.04
C01774,P061,PR024,10708.88
C01775,P009,PR015,8645.56
C01776,P008,PR021,2644.07
C01777,P050,PR035,17885.52
C01778,P064,PR022,3606.92
C01779,P026,PR005,19984.0
C01780,P064,PR032,11741.1
C01781,P060,PR035,2048.55
C01782,P077,PR018,18218.81
C01783,P083,PR008,17704.4
C01784,P017,PR027,2374.59
C01785,P019,PR025,2451.75
C01786,P094,PR036,5495.24
C01787,P019,PR001,14017.03
C01788,P080,PR008,23381.16
C01789,P013,PR006,16152.73
C01790,P016,PR044,14595.87
C01791,P083,PR024,10448.09
C01792,P051,PR005,10375.55
C01793,P083,PR029,7539.93
C01794,P100,PR028,23320.41
C01795,P051,PR040,13638.87
C01796,P018,PR030,15130.13
C01797,P050,PR007,8334.49
C01798,P081,PR010,6655.32
C01799,P085,PR003,2410.84
C01800,P022,PR047,16491.37
C01801,P001,PR021,8481.67
C01802,P021,PR027,11006.24
C01803,P003,PR028,13759.03
C01804,P052,PR008,21818.98
C01805,P051,PR004,736.05
C01806,P031,PR033,12177.63
C01807,P050,PR021,3251.38
C01808,P079,PR009,14234.3
C01809,P018,PR036,3575.89
C01810,P019,PR038,5961.86
C01811,P026,PR002,20818.83
C01812,P028,PR032,14004.08
C01813,P059,PR024,11768.79
C01814,P055,PR034,62.3
C01815,P054,PR016,17780.21
C01816,P035,PR040,23407.91
C01817,P004,PR050,13168.9
C01818,P042,PR007,20176.3
C01819,P100,PR016,10740.26
C01820,P017,PR034,11721.3
C01821,P098,PR036,9216.69
C01822,P016,PR048,18722.67
C01823,P096,PR006,17806.59
C01824,P052,PR029,9150.07
C01825,P087,PR033,11006.97
C01826,P049,PR035,753.25
C01827,P007,PR032,21244.76
C01828,P098,PR015,2622.7
C01829,P045,PR005,17897.19
C01830,P089,PR031,3111.64
C01831,P019,PR030,22307.18
C01832,P010,PR011,15727.33
C01833,P097,PR031,22620.13
C01834,P047,PR012,5864.53
C01835,P038,PR042,11116.02
C01836,P071,PR030,14902.82
C01837,P032,PR001,7636.44
C01838,P020,PR013,4964.21
C01839,P040,PR005,6455.19
C01840,P022,PR026,15694.75
C01841,P100,PR038,20210.31
C01842,P039,PR048,19206.76
C01843,P059,PR026,17030.88
C01844,P046,PR039,8951.88
C01845,P001,PR035,15458.95
C01846,P022,PR030,15579.4
C01847,P037,PR025,24775.22
C01848,P044,PR022,6302.03
C01849,P001,PR010,4744.56
C01850,P028,PR041,24881.56
C01851,P008,PR042,957.19
C01852,P059,PR019,5599.94
C01853,P097,PR042,2788.78
C01854,P010,PR039,3783.36
C01855,P026,PR012,22213.43
C01856,P056,PR011,4334.42
C01857,P042,PR004,11194.18
C01858,P065,PR023,17698.09
C01859,P075,PR009,24272.6
C01860,P079,PR034,1365.31
C01861,P015,PR029,23324.85
C01862,P030,PR033,7948.89
C01863,P015,PR043,7683.09
C01864,P020,PR018,16016.26
C01865,P034,PR008,505.11
C01866,P001,PR024,12572.09
C01867,P008,PR021,4018.78
C01868,P005,PR002,6572.39
C01869,P004,PR047,7317.07
C01870,P093,PR047,14976.19
C01871,P083,PR032,8477.67
C01872,P012,PR013,4420.03
C01873,P092,PR048,2277.83
C01874,P048,PR010,9032.42
C01875,P060,PR025,11231.57
C01876,P079,PR038,21664.07
C01877,P032,PR015,2422.77
C01878,P012,PR047,7840.28
C01879,P048,PR006,3095.07
C01880,P077,PR024,23091.51
C01881,P072,PR019,19370.74
C01882,P081,PR020,20244.82
C01883,P016,PR011,17901.95
C01884,P028,PR030,23645.5
C01885,P100,PR013,20893.85
C01886,P056,PR005,9558.6
C01887,P074,PR016,23134.44
C01888,P033,PR039,12813.38
C01889,P093,PR037,22257.37
C01890,P050,PR008,2760.24
C01891,P085,PR024,11384.47
C01892,P085,PR026,22178.8
C01893,P076,PR022,24441.41
C01894,P081,PR018,8162.54
C01895,P082,PR013,22143.66
C01896,P006,PR043,10090.67
C01897,P042,PR007,15796.69
C01898,P027,PR024,11786.12
C01899,P042,PR037,1126.7
C01900,P091,PR030,3396.77
C01901,P064,PR033,18875.99
C01902,P036,PR017,15402.24
C01903,P037,PR008,24314.67
C01904,P029,PR022,7851.35
C01905,P098,PR008,21351.62
C01906,P028,PR027,19510.8
C01907,P066,PR035,2266.51
C01908,P050,PR002,9678.52
C01909,P051,PR023,15478.95
C01910,P067,PR026,15074.93
C01911,P094,PR043,2376.38
C01912,P088,PR034,5808.12
C01913,P026,PR032,11850.56
C01914,P099,PR046,7974.89
C01915,P072,PR001,13234.34
C01916,P068,PR045,18460.92
C01917,P094,PR017,653.65
C01918,P049,PR048,13069.78
C01919,P019,PR011,15278.78
C01920,P013,PR027,2897.26
C01921,P062,PR026,22834.69
C01922,P063,PR006,24836.36
C01923,P073,PR006,5601.15
C01924,P044,PR025,15290.52
C01925,P085,PR022,20906.13
C01926,P092,PR043,18861.04
C01927,P033,PR016,24816.86
C01928,P018,PR049,5573.09
C01929,P052,PR040,24932.65
C01930,P006,PR016,4739.56
C01931,P019,PR037,8508.47
C01932,P014,PR050,5245.89
C01933,P007,PR033,8344.92
C01934,P069,PR049,17946.45
C01935,P045,PR043,17698.39
C01936,P030,PR023,23232.02
C01937,P049,PR005,5665.12
C01938,P060,PR009,8953.75
C01939,P048,PR006,11603.35
C01940,P054,PR025,19454.75
C01941,P010,PR030,11699.12
C01942,P020,PR017,17605.54
C01943,P089,PR001,19619.36
C01944,P068,PR024,10622.24
C01945,P031,PR023,17606.53
C01946,P043,PR029,13013.27
C01947,P002,PR010,20171.95
C01948,P098,PR016,19679.76
C01949,P013,PR015,6852.52
C01950,P029,PR037,4651.55
C01951,P057,PR023,9226.45
C01952,P090,PR003,17584.22
C01953,P024,PR025,13318.67
C01954,P045,PR043,20376.95
C01955,P071,PR037,10249.35
C01956,P066,PR017,11484.05
C01957,P007,PR007,13944.28
C01958,P096,PR020,22994.52
C01959,P028,PR028,13952.38
C01960,P026,PR016,7009.41
C01961,P054,PR026,17021.96
C01962,P037,PR019,24523.18
C01963,P063,PR006,10353.12
C01964,P090,PR013,12065.91
C01965,P066,PR023,21169.2
C01966,P073,PR049,21610.74
C01967,P011,PR003,2088.94
C01968,P032,PR029,2314.2
C01969,P005,PR029,3362.52
C01970,P088,PR031,1659.12
C01971,P007,PR010,12379.93
C01972,P089,PR032,10930.07
C01973,P038,PR001,15202.54
C01974,P070,PR041,3018.19
C01975,P012,PR041,13373.43
C01976,P080,PR024,885.62
C01977,P070,PR043,14033.14
C01978,P003,PR049,23183.19
C01979,P006,PR009,8370.38
C01980,P050,PR036,20105.52
C01981,P010,PR039,19476.37
C01982,P040,PR021,5210.37
C01983,P055,PR031,1648.26
C01984,P098,PR017,20893.29
C01985,P001,PR042,16583.17
C01986,P014,PR020,18278.36
C01987,P029,PR037,14474.2
C01988,P002,PR026,1937.41
C01989,P076,PR006,21077.41
C01990,P009,PR027,21501.17
C01991,P068,PR029,13852.56
C01992,P040,PR033,19206.83
C01993,P019,PR032,12155.58
C01994,P048,PR010,13714.09
C01995,P027,PR018,13573.04
C01996,P002,PR032,15653.98
C01997,P076,PR029,3643.25
C01998,P041,PR026,11065.5
C01999,P078,PR030,14815.9
C02000,P048,PR046,22597.77
C02001,P099,PR044,15466.24
C02002,P011,PR002,5432.35
C02003,P029,PR016,15259.91
C02004,P045,PR028,13938.44
C02005,P013,PR006,779.82
C02006,P030,PR042,8321.28
C02007,P093,PR013,13248.32
C02008,P071,PR006,12776.95
C02009,P008,PR020,15948.27
C02010,P076,PR046,17090.3
C02011,P045,PR028,9324.38
C02012,P027,PR001,15342.95
C02013,P064,PR009,4506.5
C02014,P001,PR012,468.43
C02015,P047,PR050,5497.88
C02016,P085,PR013,20031.28
C02017,P032,PR027,22301.29
C02018,P076,PR013,10412.83
C02019,P049,PR003,4318.44
C02020,P001,PR041,5234.49
C02021,P008,PR019,3726.42
C02022,P051,PR040,9040.28
C02023,P076,PR049,16632.2
C02024,P021,PR033,24023.65
C02025,P019,PR032,21466.01
C02026,P012,PR029,4609.69
C02027,P100,PR019,6713.92
C02028,P057,PR016,14333.37
C02029,P006,PR047,24738.02
C02030,P084,PR014,21379.35
C02031,P035,PR016,20319.84
C02032,P091,PR028,20716.1
C02033,P095,PR046,7034.81
C02034,P031,PR024,21079.38
C02035,P063,PR027,20163.27
C02036,P059,PR033,16918.21
C02037,P041,PR003,5851.91
C02038,P070,PR010,10613.59
C02039,P070,PR005,19048.33
C02040,P055,PR033,9553.99
C02041,P059,PR007,19907.7
C02042,P008,PR026,5255.77
C02043,P090,PR014,10833.91
C02044,P096,PR033,17913.75
C02045,P066,PR039,11812.61
C02046,P048,PR041,24259.07
C02047,P049,PR041,23459.4
C02048,P098,PR019,12726.79
C02049,P048,PR021,21396.23
C02050,P054,PR043,19897.86
C02051,P032,PR013,1923.87
C02052,P030,PR006,6400.51
C02053,P054,PR048,5617.35
C02054,P083,PR017,21527.64
C02055,P051,PR023,10068.16
C02056,P060,PR027,5147.78
C02057,P037,PR015,3817.37
C02058,P044,PR043,21859.8
C02059,P096,PR035,22482.41
C02060,P038,PR040,24235.93
C02061,P058,PR028,16862.55
C02062,P048,PR048,7864.72
C02063,P030,PR030,9888.96
C02064,P096,PR022,1002.27
C02065,P100,PR014,19990.72
C02066,P088,PR007,16503.92
C02067,P018,PR016,8822.15
C02068,P019,PR046,12541.45
C02069,P058,PR049,10007.5
C02070,P002,PR027,7928.51
C02071,P019,PR021,1776.44
C02072,P050,PR014,10028.28
C02073,P066,PR036,2299.91
C02074,P082,PR030,24176.92
C02075,P015,PR009,20314.83
C02076,P049,PR008,9685.98
C02077,P067,PR038,18156.68
C02078,P098,PR016,11696.68
C02079,P062,PR035,2091.94
C02080,P097,PR001,22661.7
C02081,P008,PR037,11515.92
C02082,P097,PR032,9623.99
C02083,P094,PR013,15095.99
C02084,P044,PR013,11993.63
C02085,P096,PR012,13725.56
C02086,P065,PR048,21226.37
C02087,P054,PR004,3923.31
C02088,P002,PR020,10499.64
C02089,P010,PR012,16210.27
C02090,P049,PR019,12784.53
C02091,P019,PR019,3487.76
C02092,P039,PR033,5883.02
C02093,P086,PR020,21651.02
C02094,P058,PR040,5325.83
C02095,P025,PR045,1350.03
C02096,P078,PR025,8227.02
C02097,P046,PR043,9608.73
C02098,P006,PR044,9914.55
C02099,P021,PR032,3892.92
C02100,P040,PR012,1053.16
C02101,P062,PR030,8942.09
C02102,P045,PR040,12910.2
C02103,P070,PR014,19456.6
C02104,P018,PR016,10392.39
C02105,P086,PR005,23686.9
C02106,P033,PR020,13399.25
C02107,P060,PR022,15752.29
C02108,P057,PR002,12321.11
C02109,P063,PR009,713.65
C02110,P050,PR012,7180.32
C02111,P089,PR025,4804.67
C02112,P076,PR044,10011.31
C02113,P095,PR045,691.52
C02114,P083,PR031,22029.89
C02115,P047,PR029,7771.31
C02116,P008,PR034,23567.14
C02117,P021,PR009,1370.88
C02118,P061,PR016,21357.0
C02119,P079,PR042,17776.18
C02120,P005,PR001,23376.84
C02121,P062,PR030,20456.41
C02122,P099,PR028,6109.83
C02123,P023,PR007,6106.38
C02124,P039,PR015,675.17
C02125,P027,PR028,23043.13
C02126,P037,PR032,18871.71
C02127,P040,PR008,15794.27
C02128,P018,PR018,7858.05
C02129,P040,PR038,13500.89
C02130,P044,PR003,7460.55
C02131,P033,PR030,12592.39
C02132,P068,PR015,18864.02
C02133,P041,PR030,2816.77
C02134,P055,PR023,6345.39
C02135,P018,PR045,17514.43
C02136,P065,PR020,9397.94
C02137,P044,PR026,22666.5
C02138,P100,PR004,11728.77
C02139,P042,PR011,15051.61
C02140,P062,PR011,15565.43
C02141,P070,PR026,2781.48
C02142,P098,PR006,15340.74
C02143,P021,PR038,23582.81
C02144,P063,PR041,3546.92
C02145,P009,PR002,13976.46
C02146,P069,PR031,14297.35
C02147,P069,PR009,6007.46
C02148,P069,PR020,10380.32
C02149,P088,PR037,21940.51
C02150,P060,PR017,14264.1
C02151,P071,PR022,12929.16
C02152,P073,PR003,4543.6
C02153,P029,PR032,20417.28
C02154,P081,PR024,16460.67
C02155,P093,PR048,18912.23
C02156,P009,PR040,6527.33
C02157,P038,PR033,19346.56
C02158,P038,PR031,23084.92
C02159,P091,PR011,21182.35
C02160,P087,PR038,13283.94
C02161,P071,PR013,1300.14
C02162,P075,PR034,8517.15
C02163,P009,PR036,15102.95
C02164,P076,PR042,4280.52
C02165,P088,PR047,10858.95
C02166,P079,PR021,15849.23
C02167,P091,PR013,15164.52
C02168,P100,PR030,16690.37
C02169,P024,PR001,19122.57
C02170,P007,PR002,1958.02
C02171,P047,PR028,4732.71
C02172,P021,PR001,20452.46
C02173,P005,PR016,1597.63
C02174,P051,PR008,9271.57
C02175,P071,PR039,3384.55
C02176,P049,PR034,15986.34
C02177,P096,PR021,12275.01
C02178,P001,PR030,5912.1
C02179,P052,PR036,2045.57
C02180,P077,PR038,9431.08
C02181,P045,PR033,7365.77
C02182,P051,PR032,24001.54
C02183,P048,PR004,21062.4
C02184,P053,PR039,10737.14
C02185,P021,PR045,3669.55
C02186,P025,PR010,12320.73
C02187,P053,PR021,18862.3
C02188,P001,PR024,9347.18
C02189,P047,PR047,2048.43
C02190,P097,PR025,3337.78
C02191,P083,PR003,21847.67
C02192,P007,PR047,7752.78
C02193,P043,PR003,2025.4
C02194,P018,PR016,7971.66
C02195,P027,PR049,3978.37
C02196,P026,PR027,9343.01
C02197,P040,PR038,4625.11
C02198,P004,PR037,4496.81
C02199,P081,PR008,839.3
C02200,P019,PR027,16510.66
C02201,P066,PR049,5353.12
C02202,P010,PR039,24094.14
C02203,P100,PR033,13524.86
C02204,P091,PR028,18323.64
C02205,P089,PR031,13996.29
C02206,P060,PR042,14510.9
C02207,P011,PR037,8609.59
C02208,P039,PR015,19507.91
C02209,P031,PR008,5179.32
C02210,P023,PR042,18823.04
C02211,P097,PR026,15843.65
C02212,P073,PR015,14075.37
C02213,P027,PR032,21878.93
C02214,P076,PR042,3875.53
C02215,P095,PR041,18946.18
C02216,P050,PR029,9005.9
C02217,P003,PR039,20147.89
C02218,P082,PR032,19286.83
C02219,P032,PR040,22456.49
C02220,P023,PR033,15242.76
C02221,P009,PR048,21469.59
C02222,P012,PR017,17437.29
C02223,P067,PR020,21225.13
C02224,P017,PR035,23316.42
C02225,P008,PR021,2026.0
C02226,P065,PR045,3300.23
C02227,P086,PR050,660.69
C02228,P069,PR001,1579.51
C02229,P097,PR035,9058.02
C02230,P062,PR004,17168.34
C02231,P068,PR042,16829.18
C02232,P010,PR030,11388.31
C02233,P087,PR002,6925.86
C02234,P058,PR006,8711.6
C02235,P023,PR012,18936.7
C02236,P001,PR037,9896.9
C02237,P073,PR043,5637.11
C02238,P020,PR032,3112.19
C02239,P068,PR044,22771.01
C02240,P063,PR039,2619.49
C02241,P080,PR035,17019.83
C02242,P065,PR020,2477.84
C02243,P039,PR006,22526.46
C02244,P080,PR008,14307.6
C02245,P069,PR029,14417.82
C02246,P075,PR019,11021.92
C02247,P097,PR033,11008.23
C02248,P069,PR030,14756.15
C02249,P039,PR038,6775.63
C02250,P010,PR043,24702.87
C02251,P005,PR037,21735.4
C02252,P092,PR009,12266.07
C02253,P084,PR050,18270.34
C02254,P092,PR021,16677.47
C02255,P016,PR037,7270.96
C02256,P029,PR016,9794.41
C02257,P075,PR005,10084.96
C02258,P017,PR017,1101.9
C02259,P033,PR050,5916.64
C02260,P011,PR017,9566.55
C02261,P017,PR016,24287.9
C02262,P042,PR030,10200.09
C02263,P011,PR033,14577.62
C02264,P005,PR028,5007.95
C02265,P073,PR037,17025.3
C02266,P034,PR040,15454.74
C02267,P017,PR009,21447.11
C02268,P049,PR004,496.87
C02269,P083,PR004,24674.92
C02270,P001,PR023,12899.14
C02271,P058,PR021,24334.09
C02272,P024,PR045,16656.63
C02273,P027,PR047,11046.54
C02274,P028,PR043,5043.0
C02275,P050,PR022,19353.66
C02276,P091,PR029,7010.35
C02277,P021,PR020,16765.89
C02278,P099,PR040,15214.55
C02279,P010,PR034,15476.93
C02280,P074,PR038,13630.84
C02281,P032,PR007,12516.31
C02282,P058,PR033,13646.91
C02283,P015,PR045,24267.42
C02284,P042,PR034,17880.49
C02285,P049,PR038,5643.95
C02286,P013,PR029,5753.88
C02287,P098,PR006,24796.21
C02288,P033,PR037,12880.27
C02289,P039,PR002,8376.27
C02290,P088,PR025,6139.28
C02291,P020,PR033,14168.95
C02292,P009,PR031,22113.69
C02293,P053,PR048,20931.33
C02294,P070,PR037,13918.43
C02295,P091,PR008,22696.14
C02296,P016,PR018,9486.57
C02297,P005,PR006,13629.85
C02298,P010,PR026,24409.1
C02299,P061,PR031,18671.7
C02300,P083,PR042,3970.64
C02301,P006,PR017,9990.27
C02302,P051,PR025,11340.47
C02303,P092,PR044,6106.0
C02304,P017,PR005,12497.45
C02305,P027,PR007,21014.28
C02306,P089,PR046,11574.05
C02307,P052,PR041,10185.24
C02308,P004,PR018,596.35
C02309,P006,PR032,18522.95
C02310,P017,PR050,14908.43
C02311,P096,PR013,12634.31
C02312,P037,PR006,13717.37
C02313,P053,PR046,3696.75
C02314,P021,PR020,1040.85
C02315,P039,PR038,7352.69
C02316,P079,PR034,8219.61
C02317,P005,PR032,2215.62
C02318,P021,PR048,15843.77
C02319,P087,PR049,14907.8
C02320,P090,PR041,12351.67
C02321,P058,PR002,10528.16
C02322,P038,PR050,22035.51
C02323,P045,PR013,8590.08
C02324,P032,PR009,23592.58
C02325,P006,PR007,20933.5
C02326,P040,PR021,12349.92
C02327,P074,PR039,11876.87
C02328,P050,PR037,13622.86
C02329,P031,PR048,13158.63
C02330,P071,PR050,22925.78
C02331,P054,PR036,9674.57
C02332,P072,PR001,14924.59
C02333,P074,PR036,24060.86
C02334,P053,PR025,22083.51
C02335,P081,PR043,5500.93
C02336,P056,PR012,2778.96
C02337,P015,PR047,20353.71
C02338,P023,PR023,11838.97
C02339,P099,PR034,4054.32
C02340,P076,PR018,16015.12
C02341,P031,PR017,1809.28
C02342,P066,PR021,6157.75
C02343,P079,PR036,5527.42
C02344,P100,PR011,15940.78
C02345,P017,PR004,11596.96
C02346,P017,PR040,6250.77
C02347,P095,PR003,10637.78
C02348,P064,PR048,1374.05
C02349,P072,PR025,20233.48
C02350,P088,PR032,16365.53
C02351,P041,PR020,6991.31
C02352,P046,PR043,21170.99
C02353,P096,PR047,9247.71
C02354,P012,PR049,21921.84
C02355,P032,PR045,9114.32
C02356,P046,PR016,17840.73
C02357,P047,PR044,13380.61
C02358,P085,PR044,7800.26
C02359,P073,PR023,23051.62
C02360,P067,PR001,9657.62
C02361,P013,PR001,20646.64
C02362,P074,PR012,11580.68
C02363,P028,PR024,1706.91
C02364,P018,PR026,4648.26
C02365,P078,PR007,12911.46
C02366,P035,PR046,12006.16
C02367,P024,PR024,16481.99
C02368,P016,PR042,3379.97
C02369,P082,PR026,4073.65
C02370,P029,PR019,20384.45
C02371,P014,PR004,23360.46
C02372,P028,PR001,14898.4
C02373,P028,PR001,20315.31
C02374,P082,PR029,17361.03
C02375,P079,PR025,7461.05
C02376,P044,PR024,15470.97
C02377,P014,PR040,15417.32
C02378,P044,PR001,10591.57
C02379,P093,PR013,4177.07
C02380,P065,PR017,11734.09
C02381,P011,PR005,5414.9
C02382,P077,PR047,3548.17
C02383,P032,PR016,17901.23
C02384,P070,PR024,13037.57
C02385,P003,PR037,12857.35
C02386,P058,PR003,21526.01
C02387,P023,PR027,3257.24
C02388,P087,PR032,12658.16
C02389,P030,PR016,1453.48
C02390,P022,PR036,16637.57
C02391,P056,PR035,6189.38
C02392,P045,PR049,19126.31
C02393,P082,PR039,13461.25
C02394,P038,PR038,5957.74
C02395,P070,PR003,8275.81
C02396,P072,PR012,18509.23
C02397,P053,PR021,13646.03
C02398,P077,PR002,19451.63
C02399,P069,PR016,765.01
C02400,P062,PR004,5156.1
C02401,P013,PR029,17768.06
C02402,P052,PR032,13492.82
C02403,P026,PR049,19445.3
C02404,P014,PR044,15978.21
C02405,P098,PR049,20898.43
C02406,P023,PR041,6481.12
C02407,P091,PR017,237.7
C02408,P086,PR043,9691.25
C02409,P025,PR033,8352.83
C02410,P082,PR037,5167.04
C02411,P062,PR036,3741.86
C02412,P006,PR025,12780.02
C02413,P052,PR004,16033.11
C02414,P038,PR023,5897.28
C02415,P026,PR030,13985.89
C02416,P061,PR003,19187.81
C02417,P071,PR013,2989.64
C02418,P092,PR020,24474.72
C02419,P055,PR047,20318.79
C02420,P090,PR048,3970.3
C02421,P036,PR038,6697.16
C02422,P071,PR038,9394.81
C02423,P014,PR043,17261.33
C02424,P055,PR033,10628.91
C02425,P062,PR015,2502.0
C02426,P067,PR039,11307.29
C02427,P060,PR004,2607.81
C02428,P052,PR026,18853.12
C02429,P025,PR042,17016.45
C02430,P074,PR043,23535.94
C02431,P046,PR039,9424.58
C02432,P065,PR008,14766.79
C02433,P031,PR032,9664.59
C02434,P079,PR018,2177.15
C02435,P051,PR007,19611.73
C02436,P028,PR023,21305.68
C02437,P023,PR019,14128.02
C02438,P030,PR042,19304.48
C02439,P054,PR019,3964.82
C02440,P075,PR009,15219.6
C02441,P071,PR013,3119.88
C02442,P085,PR032,5090.18
C02443,P080,PR045,19893.6
C02444,P092,PR039,4810.57
C02445,P043,PR043,12673.43
C02446,P025,PR042,22283.12
C02447,P015,PR021,14579.49
C02448,P091,PR018,4505.61
C02449,P097,PR041,17223.43
C02450,P065,PR020,9599.99
C02451,P050,PR026,1635.14
C02452,P044,PR009,6515.87
C02453,P035,PR039,11062.39
C02454,P060,PR013,9622.77
C02455,P012,PR050,11085.86
C02456,P016,PR036,4715.59
C02457,P040,PR027,20330.55
C02458,P096,PR020,5024.53
C02459,P084,PR045,3299.92
C02460,P077,PR049,5414.22
C02461,P083,PR007,20585.25
C02462,P056,PR014,6586.84
C02463,P069,PR035,22716.83
C02464,P081,PR016,3342.96
C02465,P073,PR043,1748.73
C02466,P044,PR004,18505.65
C02467,P058,PR017,21525.08
C02468,P091,PR004,24153.71
C02469,P008,PR039,24790.06
C02470,P005,PR048,8887.44
C02471,P012,PR011,16761.97
C02472,P025,PR013,22524.15
C02473,P083,PR040,1132.0
C02474,P079,PR040,17957.2
C02475,P067,PR001,16999.56
C02476,P064,PR050,15700.3
C02477,P070,PR016,13074.72
C02478,P031,PR043,2742.43
C02479,P042,PR028,4456.65
C02480,P066,PR040,9692.02
C02481,P046,PR002,22907.95
C02482,P044,PR025,10973.06
C02483,P061,PR023,18110.56
C02484,P021,PR028,1571.92
C02485,P090,PR034,8252.79
C02486,P073,PR004,825.51
C02487,P020,PR031,4953.28
C02488,P070,PR040,18196.79
C02489,P023,PR015,12882.22
C02490,P079,PR011,10308.69
C02491,P096,PR038,16127.87
C02492,P093,PR001,4991.71
C02493,P073,PR040,9943.11
C02494,P091,PR034,10086.78
C02495,P019,PR015,17227.48
C02496,P052,PR022,5243.79
C02497,P084,PR025,22366.54
C02498,P005,PR039,1962.34
C02499,P045,PR023,17458.0
C02500,P083,PR028,14817.46
C02501,P040,PR028,7366.47
C02502,P065,PR011,18753.92
C02503,P066,PR037,3397.32
C02504,P089,PR001,14277.48
C02505,P056,PR014,19837.43
C02506,P057,PR007,238.15
C02507,P021,PR036,7234.32
C02508,P095,PR030,23694.62
C02509,P086,PR012,20170.83
C02510,P074,PR026,4842.66
C02511,P091,PR019,7954.9
C02512,P083,PR008,14066.12
C02513,P062,PR004,19725.69
C02514,P050,PR023,14012.5
C02515,P008,PR007,11626.92
C02516,P035,PR004,14482.69
C02517,P093,PR029,3172.39
C02518,P040,PR030,1243.13
C02519,P037,PR035,21224.49
C02520,P076,PR008,23296.6
C02521,P011,PR028,10790.78
C02522,P011,PR028,8930.61
C02523,P076,PR011,17539.96
C02524,P064,PR032,17952.25
C02525,P091,PR039,12719.84
C02526,P098,PR027,23184.91
C02527,P097,PR030,11707.44
C02528,P027,PR038,19605.39
C02529,P025,PR009,1600.86
C02530,P036,PR048,393.4
C02531,P057,PR029,24087.37
C02532,P023,PR014,7267.72
C02533,P070,PR020,3676.48
C02534,P024,PR034,2301.45
C02535,P022,PR011,10212.36
C02536,P028,PR049,10572.43
C02537,P033,PR022,19355.11
C02538,P020,PR036,5839.45
C02539,P054,PR022,18619.78
C02540,P002,PR050,18857.08
C02541,P093,PR015,4307.89
C02542,P038,PR004,2845.61
C02543,P080,PR044,806.91
C02544,P076,PR001,12970.03
C02545,P023,PR044,19806.14
C02546,P003,PR035,11016.78
C02547,P095,PR028,23288.35
C02548,P019,PR024,10052.91
C02549,P029,PR049,16876.88
C02550,P064,PR046,24441.46
C02551,P072,PR041,7019.12
C02552,P065,PR048,7242.33
C02553,P038,PR041,13168.33
C02554,P008,PR019,1420.71
C02555,P048,PR023,2909.76
C02556,P065,PR029,6902.21
C02557,P091,PR003,1438.09
C02558,P035,PR022,23866.71
C02559,P032,PR050,7051.09
C02560,P063,PR017,19025.06
C02561,P009,PR015,10236.45
C02562,P061,PR011,20698.81
C02563,P053,PR030,10889.77
C02564,P059,PR050,12858.46
C02565,P011,PR048,12717.02
C02566,P049,PR013,5061.85
C02567,P080,PR009,986.68
C02568,P019,PR030,24636.11
C02569,P046,PR044,19894.53
C02570,P013,PR017,21353.01
C02571,P031,PR021,24846.89
C02572,P003,PR044,6416.19
C02573,P059,PR017,16318.37
C02574,P092,PR046,2126.51
C02575,P096,PR001,6754.15
C02576,P055,PR045,23737.3
C02577,P030,PR039,20825.6
C02578,P048,PR040,9658.46
C02579,P001,PR016,13649.85
C02580,P093,PR012,5589.69
C02581,P016,PR013,21259.48
C02582,P025,PR047,15752.35
C02583,P030,PR003,10379.41
C02584,P094,PR022,3645.54
C02585,P087,PR001,11683.01
C02586,P077,PR014,21382.38
C02587,P080,PR003,17803.4
C02588,P013,PR003,4731.7
C02589,P009,PR025,14309.13
C02590,P028,PR044,7994.24
C02591,P051,PR019,4330.14
C02592,P038,PR020,7017.16
C02593,P047,PR015,5544.15
C02594,P095,PR025,3600.52
C02595,P037,PR023,24477.4
C02596,P068,PR038,8938.61
C02597,P007,PR034,1468.77
C02598,P056,PR022,20686.51
C02599,P046,PR035,6056.52
C02600,P040,PR034,21525.57
C02601,P050,PR034,13656.94
C02602,P022,PR010,13441.31
C02603,P085,PR040,3836.51
C02604,P029,PR045,7597.39
C02605,P055,PR017,12619.8
C02606,P080,PR043,16041.8
C02607,P040,PR029,11210.07
C02608,P059,PR036,10285.29
C02609,P074,PR008,7482.52
C02610,P065,PR012,16095.47
C02611,P015,PR016,9103.34
C02612,P047,PR043,23845.41
C02613,P020,PR018,20428.01
C02614,P086,PR007,18220.14
C02615,P088,PR032,21576.71
C02616,P043,PR036,5842.06
C02617,P005,PR004,24617.97
C02618,P024,PR032,11399.15
C02619,P066,PR006,10184.05
C02620,P074,PR047,3791.47
C02621,P039,PR001,15772.87
C02622,P059,PR016,15369.6
C02623,P095,PR015,5437.68
C02624,P017,PR036,14535.17
C02625,P017,PR038,21194.3
C02626,P020,PR011,8876.41
C02627,P008,PR024,781.37
C02628,P088,PR043,12431.93
C02629,P012,PR003,17211.75
C02630,P058,PR009,9592.84
C02631,P083,PR018,19177.89
C02632,P005,PR034,997.95
C02633,P029,PR040,18013.74
C02634,P068,PR008,19012.69
C02635,P040,PR012,941.01
C02636,P014,PR031,3757.32
C02637,P033,PR008,13898.51
C02638,P011,PR044,8257.23
C02639,P030,PR015,8440.38
C02640,P057,PR023,14180.49
C02641,P092,PR043,331.68
C02642,P009,PR047,6863.12
C02643,P071,PR012,410.55
C02644,P070,PR042,18822.83
C02645,P077,PR019,13991.83
C02646,P022,PR041,334.39
C02647,P063,PR036,4230.98
C02648,P047,PR037,19686.99
C02649,P047,PR045,19103.87
C02650,P055,PR032,22636.84
C02651,P045,PR027,2490.3
C02652,P010,PR007,19782.53
C02653,P030,PR021,5198.26
C02654,P090,PR039,22436.03
C02655,P091,PR004,14846.91
C02656,P046,PR015,19305.24
C02657,P097,PR040,19765.32
C02658,P049,PR004,16805.04
C02659,P056,PR049,20307.8
C02660,P093,PR038,18774.03
C02661,P036,PR043,21904.14
C02662,P075,PR024,17469.32
C02663,P014,PR022,21292.16
C02664,P045,PR025,11697.06
C02665,P094,PR012,10513.53
C02666,P091,PR031,22392.92
C02667,P025,PR002,12531.74
C02668,P021,PR013,16685.63
C02669,P024,PR043,2068.8
C02670,P077,PR048,18670.89
C02671,P079,PR040,706.22
C02672,P025,PR029,21351.09
C02673,P008,PR026,23347.94
C02674,P054,PR048,22244.35
C02675,P058,PR008,1785.62
C02676,P027,PR014,816.3
C02677,P053,PR041,20986.68
C02678,P057,PR022,4489.16
C02679,P025,PR027,2365.76
C02680,P089,PR024,9080.53
C02681,P067,PR044,11522.89
C02682,P087,PR036,17292.13
C02683,P026,PR018,8951.97
C02684,P004,PR013,24778.81
C02685,P055,PR021,9259.26
C02686,P087,PR039,20513.98
C02687,P060,PR046,23542.7
C02688,P093,PR008,21720.89
C02689,P071,PR049,938.15
C02690,P082,PR014,19356.41
C02691,P010,PR028,6353.96
C02692,P086,PR050,6126.18
C02693,P040,PR007,21336.94
C02694,P073,PR010,20176.58
C02695,P047,PR034,2124.41
C02696,P040,PR005,11088.86
C02697,P021,PR016,14329.04
C02698,P069,PR002,5003.46
C02699,P027,PR021,24613.26
C02700,P012,PR038,9773.93
C02701,P066,PR042,22744.85
C02702,P086,PR037,8584.13
C02703,P057,PR019,12888.48
C02704,P025,PR009,23719.83
C02705,P081,PR020,13581.11
C02706,P013,PR047,12209.82
C02707,P045,PR026,17980.6
C02708,P024,PR043,874.08
C02709,P064,PR044,1544.27
C02710,P020,PR038,18442.06
C02711,P018,PR012,12857.89
C02712,P095,PR026,13999.04
C02713,P067,PR026,19196.15
C02714,P090,PR038,10385.28
C02715,P053,PR038,23321.72
C02716,P030,PR050,18532.69
C02717,P048,PR040,13013.37
C02718,P097,PR045,7354.17
C02719,P065,PR049,20391.85
C02720,P019,PR014,21919.95
C02721,P060,PR003,19910.88
C02722,P035,PR008,18074.54
C02723,P012,PR004,15947.46
C02724,P009,PR032,3424.7
C02725,P060,PR040,9766.37
C02726,P088,PR004,10407.08
C02727,P007,PR019,23544.2
C02728,P006,PR010,12604.69
C02729,P084,PR042,4811.77
C02730,P081,PR045,4074.27
C02731,P028,PR009,521.59
C02732,P081,PR002,24598.75
C02733,P052,PR040,9228.59
C02734,P043,PR010,8087.9
C02735,P069,PR045,8521.18
C02736,P008,PR021,24145.04
C02737,P099,PR049,4099.88
C02738,P002,PR047,716.06
C02739,P088,PR007,4750.14
C02740,P080,PR034,10320.76
C02741,P078,PR008,6595.51
C02742,P056,PR003,19743.35
C02743,P059,PR014,1140.3
C02744,P001,PR045,18234.21
C02745,P038,PR027,1634.63
C02746,P045,PR038,10068.66
C02747,P078,PR043,6766.49
C02748,P027,PR001,4055.68
C02749,P007,PR040,14192.45
C02750,P053,PR045,2773.54
C02751,P005,PR034,4251.04
C02752,P084,PR043,16149.8
C02753,P009,PR001,21311.54
C02754,P002,PR010,5684.01
C02755,P069,PR003,12779.95
C02756,P083,PR038,17117.33
C02757,P031,PR039,17607.2
C02758,P092,PR007,12204.63
C02759,P043,PR011,18058.91
C02760,P028,PR016,2144.53
C02761,P028,PR011,17277.5
C02762,P012,PR006,17377.64
C02763,P017,PR048,1929.16
C02764,P097,PR050,24538.37
C02765,P047,PR016,3567.16
C02766,P075,PR050,6013.51
C02767,P010,PR024,13238.82
C02768,P023,PR050,1552.49
C02769,P070,PR044,1131.86
C02770,P001,PR036,18661.15
C02771,P062,PR027,4840.76
C02772,P015,PR023,17786.61
C02773,P065,PR033,14800.39
C02774,P078,PR049,24974.59
C02775,P098,PR017,4158.37
C02776,P075,PR019,21375.16
C02777,P038,PR032,12762.46
C02778,P065,PR042,15341.23
C02779,P015,PR004,1672.78
C02780,P009,PR020,15390.09
C02781,P054,PR042,9691.09
C02782,P043,PR037,2287.2
C02783,P019,PR036,24985.96
C02784,P096,PR029,12625.99
C02785,P029,PR036,21798.1
C02786,P033,PR048,10391.92
C02787,P084,PR020,4364.47
C02788,P015,PR047,2557.93
C02789,P016,PR047,11911.48
C02790,P090,PR023,6921.88
C02791,P041,PR025,24157.82
C02792,P022,PR034,18455.9
C02793,P058,PR047,19941.34
C02794,P012,PR032,8595.72
C02795,P016,PR021,24506.27
C02796,P099,PR007,13796.09
C02797,P064,PR016,12173.61
C02798,P044,PR003,4204.4
C02799,P008,PR001,24646.38
C02800,P088,PR022,7653.77
C02801,P080,PR048,6184.42
C02802,P046,PR010,17157.84
C02803,P100,PR048,21556.03
C02804,P098,PR005,15823.85
C02805,P025,PR050,920.5
C02806,P099,PR049,17732.06
C02807,P056,PR044,24264.03
C02808,P027,PR011,5276.76
C02809,P097,PR034,4672.27
C02810,P031,PR030,3621.54
C02811,P080,PR049,15283.15
C02812,P037,PR037,8137.88
C02813,P087,PR021,23321.08
C02814,P074,PR040,7082.74
C02815,P025,PR011,22427.13
C02816,P037,PR003,3598.47
C02817,P004,PR028,1350.13
C02818,P092,PR029,21545.3
C02819,P055,PR014,23406.44
C02820,P070,PR023,18383.17
C02821,P095,PR005,17959.63
C02822,P048,PR022,1257.13
C02823,P067,PR020,17135.82
C02824,P093,PR039,12038.95
C02825,P007,PR030,15812.75
C02826,P054,PR040,20410.39
C02827,P003,PR001,24332.42
C02828,P006,PR002,774.74
C02829,P028,PR024,5132.94
C02830,P058,PR003,17598.34
C02831,P029,PR020,5056.11
C02832,P099,PR012,4865.49
C02833,P074,PR013,9315.9
C02834,P028,PR047,3430.43
C02835,P091,PR007,7889.03
C02836,P070,PR041,11643.09
C02837,P085,PR032,627.15
C02838,P062,PR005,375.6
C02839,P041,PR037,22579.61
C02840,P046,PR023,10315.52
C02841,P019,PR046,3149.42
C02842,P060,PR043,20280.88
C02843,P042,PR011,16187.86
C02844,P050,PR002,24466.02
C02845,P057,PR001,16644.39
C02846,P078,PR009,7445.02
C02847,P036,PR020,1540.14
C02848,P061,PR004,14228.3
C02849,P001,PR032,14918.88
C02850,P005,PR016,2956.73
C02851,P050,PR044,24147.7
C02852,P068,PR002,14583.95
C02853,P040,PR001,20671.43
C02854,P031,PR034,21831.54
C02855,P092,PR041,9656.44
C02856,P081,PR024,18133.33
C02857,P001,PR014,15409.06
C02858,P093,PR028,5379.36
C02859,P058,PR033,19235.98
C02860,P017,PR035,15631.41
C02861,P083,PR003,23426.96
C02862,P013,PR026,2432.17
C02863,P007,PR032,23418.94
C02864,P063,PR010,2828.74
C02865,P063,PR017,4597.28
C02866,P014,PR035,11641.62
C02867,P024,PR022,24410.81
C02868,P097,PR035,3969.45
C02869,P063,PR048,9391.54
C02870,P089,PR049,22222.67
C02871,P062,PR012,16524.99
C02872,P067,PR002,4449.48
C02873,P014,PR048,9757.22
C02874,P016,PR019,19822.99
C02875,P090,PR007,6382.95
C02876,P085,PR015,4379.24
C02877,P088,PR024,2720.69
C02878,P013,PR021,13026.81
C02879,P009,PR029,14588.99
C02880,P012,PR034,15056.85
C02881,P060,PR039,11838.77
C02882,P049,PR030,11849.16
C02883,P050,PR007,9432.55
C02884,P081,PR045,311.68
C02885,P023,PR032,10793.42
C02886,P004,PR006,18305.77
C02887,P088,PR033,14973.81
C02888,P006,PR049,720.7
C02889,P084,PR001,11304.61
C02890,P068,PR012,11338.85
C02891,P092,PR027,1980.84
C02892,P093,PR040,22789.53
C02893,P055,PR021,12328.67
C02894,P055,PR042,9818.33
C02895,P081,PR002,14273.29
C02896,P093,PR034,16044.69
C02897,P014,PR011,19157.26
C02898,P070,PR010,23783.56
C02899,P033,PR014,12391.84
C02900,P018,PR022,18106.57
C02901,P071,PR041,23798.6
C02902,P021,PR039,17655.08
C02903,P064,PR002,23404.58
C02904,P005,PR043,13676.37
C02905,P035,PR032,18015.74
C02906,P053,PR017,8828.05
C02907,P042,PR017,4681.42
C02908,P076,PR014,21407.52
C02909,P080,PR035,23527.02
C02910,P078,PR011,6342.08
C02911,P026,PR003,17154.32
C02912,P018,PR034,18772.95
C02913,P075,PR049,17056.17
C02914,P093,PR044,11364.97
C02915,P083,PR036,22913.78
C02916,P070,PR036,18986.45
C02917,P023,PR027,10573.43
C02918,P099,PR011,1047.68
C02919,P089,PR001,21527.78
C02920,P097,PR046,4298.72
C02921,P048,PR016,21376.65
C02922,P085,PR038,22562.36
C02923,P092,PR047,23172.65
C02924,P054,PR042,3949.88
C02925,P076,PR014,15658.41
C02926,P062,PR019,6780.93
C02927,P083,PR034,12657.18
C02928,P073,PR049,22673.23
C02929,P062,PR015,18837.68
C02930,P097,PR011,17745.33
C02931,P073,PR016,11397.65
C02932,P049,PR011,562.79
C02933,P013,PR048,1472.44
C02934,P072,PR004,15324.63
C02935,P097,PR030,18157.89
C02936,P064,PR017,7119.56
C02937,P094,PR025,11994.59
C02938,P012,PR020,22308.97
C02939,P049,PR028,23610.53
C02940,P031,PR034,24835.07
C02941,P009,PR045,24187.96
C02942,P092,PR047,7265.3
C02943,P013,PR023,19122.25
C02944,P018,PR015,8980.65
C02945,P021,PR048,19135.55
C02946,P014,PR007,18302.54
C02947,P026,PR020,5924.56
C02948,P082,PR005,1079.0
C02949,P043,PR039,21910.37
C02950,P049,PR014,9156.96
C02951,P079,PR044,17677.59
C02952,P097,PR030,11720.45
C02953,P088,PR019,8341.32
C02954,P100,PR034,526.99
C02955,P066,PR006,3265.12
C02956,P003,PR002,6233.13
C02957,P097,PR045,17098.46
C02958,P094,PR028,24933.36
C02959,P082,PR012,24190.78
C02960,P049,PR034,13139.04
C02961,P079,PR013,1717.3
C02962,P021,PR021,5135.33
C02963,P093,PR021,20099.25
C02964,P034,PR023,9832.31
C02965,P041,PR004,20702.77
C02966,P026,PR049,17056.21
C02967,P060,PR010,9771.93
C02968,P027,PR021,8514.63
C02969,P064,PR030,10003.13
C02970,P001,PR030,8826.59
C02971,P082,PR031,8465.24
C02972,P057,PR026,16923.65
C02973,P090,PR038,16833.92
C02974,P063,PR046,17200.49
C02975,P008,PR033,11592.53
C02976,P012,PR042,23150.26
C02977,P083,PR011,11301.44
C02978,P035,PR011,13563.46
C02979,P093,PR026,21156.99
C02980,P001,PR013,14143.71
C02981,P062,PR001,7358.2
C02982,P095,PR050,6674.04
C02983,P071,PR017,1973.83
C02984,P097,PR025,1212.12
C02985,P071,PR045,1007.52
C02986,P026,PR045,11854.11
C02987,P098,PR014,9897.22
C02988,P039,PR032,15608.97
C02989,P033,PR046,20156.81
C02990,P078,PR011,9934.5
C02991,P064,PR036,5679.32
C02992,P053,PR039,11201.64
C02993,P092,PR049,9711.36
C02994,P001,PR045,4788.12
C02995,P046,PR013,2684.41
C02996,P005,PR031,20588.74
C02997,P007,PR043,4506.4
C02998,P006,PR043,20874.53
C02999,P033,PR014,4814.1
C03000,P053,PR034,1669.59
C03001,P023,PR017,1175.34
C03002,P019,PR001,17961.9
C03003,P008,PR038,13878.38
C03004,P096,PR012,8226.64
C03005,P023,PR045,10130.71
C03006,P075,PR050,79.05
C03007,P075,PR022,20389.68
C03008,P083,PR049,715.75
C03009,P011,PR050,18493.56
C03010,P060,PR005,22442.24
C03011,P022,PR018,23323.23
C03012,P003,PR027,24975.44
C03013,P038,PR038,14029.61
C03014,P026,PR012,8026.05
C03015,P094,PR037,7313.14
C03016,P091,PR020,5050.89
C03017,P067,PR008,356.91
C03018,P027,PR014,18984.97
C03019,P070,PR013,21659.6
C03020,P041,PR026,19716.16
C03021,P062,PR047,24819.89
C03022,P014,PR024,1921.59
C03023,P033,PR031,18334.89
C03024,P003,PR022,11988.22
C03025,P002,PR016,13772.27
C03026,P007,PR026,2448.83
C03027,P007,PR020,15422.77
C03028,P014,PR007,6927.22
C03029,P093,PR010,5922.53
C03030,P096,PR039,3943.09
C03031,P008,PR027,11031.86
C03032,P004,PR001,8309.93
C03033,P056,PR020,12226.32
C03034,P093,PR029,7992.06
C03035,P081,PR002,4255.54
C03036,P047,PR016,1742.24
C03037,P079,PR045,8019.62
C03038,P070,PR035,14640.21
C03039,P040,PR049,13290.14
C03040,P042,PR024,20054.22
C03041,P019,PR040,5277.51
C03042,P028,PR007,18823.18
C03043,P022,PR001,15893.71
C03044,P003,PR006,11382.09
C03045,P073,PR005,4682.4
C03046,P068,PR036,15807.69
C03047,P023,PR012,18422.71
C03048,P054,PR005,11579.55
C03049,P001,PR031,19291.97
C03050,P047,PR026,18324.85
C03051,P075,PR024,3521.08
C03052,P031,PR025,8194.29
C03053,P068,PR050,15886.43
C03054,P069,PR007,23541.66
C03055,P057,PR014,14517.46
C03056,P059,PR010,6441.9
C03057,P021,PR013,17419.86
C03058,P070,PR013,1110.39
C03059,P081,PR023,11970.1
C03060,P054,PR015,21568.61
C03061,P100,PR041,2054.16
C03062,P020,PR032,15101.24
C03063,P028,PR032,23604.03
C03064,P051,PR008,12669.78
C03065,P013,PR023,4258.99
C03066,P088,PR028,7779.02
C03067,P033,PR050,13014.65
C03068,P032,PR025,10225.67
C03069,P006,PR048,18133.78
C03070,P048,PR026,8081.39
C03071,P053,PR018,11329.15
C03072,P051,PR012,3261.58
C03073,P056,PR023,17615.62
C03074,P047,PR038,19232.84
C03075,P065,PR028,908.75
C03076,P098,PR008,8384.12
C03077,P028,PR048,15341.87
C03078,P046,PR012,13934.6
C03079,P075,PR047,23365.08
C03080,P037,PR032,14013.76
C03081,P055,PR024,21848.58
C03082,P048,PR002,4210.02
C03083,P024,PR040,9007.48
C03084,P089,PR045,11777.66
C03085,P081,PR029,17115.69
C03086,P025,PR008,8057.31
C03087,P096,PR002,10740.91
C03088,P057,PR020,10533.28
C03089,P011,PR036,5003.3
C03090,P015,PR041,1005.06
C03091,P089,PR001,13340.1
C03092,P074,PR015,6027.13
C03093,P078,PR032,16764.26
C03094,P027,PR013,20798.57
C03095,P004,PR045,19066.83
C03096,P081,PR018,17554.16
C03097,P018,PR024,11276.28
C03098,P043,PR049,20541.1
C03099,P008,PR033,7630.08
C03100,P060,PR015,4026.59
C03101,P075,PR038,5284.71
C03102,P038,PR049,14733.96
C03103,P074,PR031,7202.83
C03104,P036,PR007,13810.16
C03105,P033,PR011,4479.83
C03106,P096,PR039,4203.04
C03107,P055,PR045,7583.95
C03108,P051,PR026,5836.06
C03109,P022,PR027,4328.07
C03110,P070,PR022,6138.8
C03111,P028,PR050,3764.53
C03112,P091,PR043,1917.6
C03113,P010,PR045,6021.08
C03114,P084,PR020,18805.59
C03115,P017,PR026,9920.38
C03116,P082,PR004,3162.48
C03117,P007,PR009,11661.09
C03118,P038,PR016,4017.97
C03119,P030,PR041,14628.76
C03120,P078,PR017,13115.2
C03121,P054,PR030,14509.47
C03122,P090,PR019,3346.92
C03123,P085,PR033,21605.24
C03124,P017,PR003,3311.59
C03125,P069,PR010,14623.53
C03126,P067,PR017,13670.76
C03127,P023,PR046,906.01
C03128,P062,PR035,20227.61
C03129,P024,PR015,8169.05
C03130,P097,PR041,4652.63
C03131,P028,PR044,4351.54
C03132,P073,PR032,16598.32
C03133,P095,PR016,3178.02
C03134,P006,PR033,8398.84
C03135,P032,PR026,11456.74
C03136,P034,PR046,4595.89
C03137,P006,PR006,956.91
C03138,P064,PR004,3050.03
C03139,P040,PR039,9307.81
C03140,P045,PR016,5334.27
C03141,P025,PR011,8525.3
C03142,P085,PR048,8114.53
C03143,P005,PR005,5368.59
C03144,P023,PR026,16159.48
C03145,P027,PR040,358.63
C03146,P051,PR025,23865.49
C03147,P088,PR024,22175.53
C03148,P077,PR039,257.46
C03149,P033,PR048,1978.81
C03150,P085,PR004,22917.11
C03151,P053,PR024,19934.25
C03152,P052,PR012,7650.51
C03153,P026,PR050,15366.0
C03154,P039,PR002,10645.25
C03155,P059,PR001,10121.92
C03156,P070,PR040,20842.38
C03157,P033,PR002,14979.6
C03158,P096,PR014,22928.67
C03159,P088,PR042,3521.36
C03160,P098,PR039,17560.73
C03161,P031,PR041,6617.28
C03162,P005,PR025,7284.26
C03163,P081,PR030,694.0
C03164,P055,PR002,2778.68
C03165,P023,PR043,6244.69
C03166,P052,PR039,11148.84
C03167,P100,PR005,5407.9
C03168,P098,PR027,14087.89
C03169,P074,PR045,8981.06
C03170,P048,PR005,18049.64
C03171,P029,PR013,2396.41
C03172,P078,PR018,24930.84
C03173,P045,PR046,23125.45
C03174,P042,PR028,6630.22
C03175,P046,PR043,5736.48
C03176,P059,PR015,15775.39
C03177,P082,PR001,21739.14
C03178,P077,PR021,23356.61
C03179,P046,PR037,16923.85
C03180,P048,PR045,4971.2
C03181,P045,PR021,22364.34
C03182,P071,PR018,23726.02
C03183,P012,PR025,4805.7
C03184,P058,PR047,14456.28
C03185,P026,PR014,8171.04
C03186,P057,PR001,20713.84
C03187,P039,PR009,12792.38
C03188,P010,PR019,13871.12
C03189,P017,PR021,8086.92
C03190,P050,PR031,22725.33
C03191,P086,PR037,3693.88
C03192,P033,PR015,6199.17
C03193,P092,PR037,9245.11
C03194,P080,PR035,18712.35
C03195,P039,PR030,12665.36
C03196,P090,PR023,16147.91
C03197,P001,PR010,11929.24
C03198,P098,PR002,860.83
C03199,P051,PR042,17327.78
C03200,P056,PR048,22173.55
C03201,P014,PR014,21215.51
C03202,P055,PR047,20748.75
C03203,P056,PR029,9638.41
C03204,P009,PR032,4601.01
C03205,P088,PR014,24235.55
C03206,P013,PR047,10645.69
C03207,P047,PR015,4538.02
C03208,P089,PR038,8918.42
C03209,P077,PR024,3573.55
C03210,P086,PR011,23577.18
C03211,P030,PR017,13780.56
C03212,P084,PR005,20104.87
C03213,P011,PR013,14095.35
C03214,P063,PR049,23232.9
C03215,P005,PR021,5540.75
C03216,P010,PR028,24753.24
C03217,P041,PR012,20265.5
C03218,P062,PR016,24248.4
C03219,P095,PR038,14339.91
C03220,P026,PR019,4223.29
C03221,P058,PR050,18059.72
C03222,P015,PR044,753.01
C03223,P033,PR035,7664.17
C03224,P014,PR047,22425.68
C03225,P026,PR030,18213.39
C03226,P095,PR002,10414.39
C03227,P010,PR022,11662.28
C03228,P058,PR036,16029.89
C03229,P056,PR018,9520.78
C03230,P012,PR037,22019.54
C03231,P085,PR026,2544.23
C03232,P047,PR050,22132.18
C03233,P045,PR026,11941.87
C03234,P027,PR042,5424.65
C03235,P019,PR014,2941.26
C03236,P002,PR037,24882.44
C03237,P092,PR012,12200.47
C03238,P044,PR017,21972.13
C03239,P012,PR014,19440.06
C03240,P080,PR050,13729.58
C03241,P085,PR017,24231.86
C03242,P031,PR007,14254.79
C03243,P039,PR034,10438.13
C03244,P075,PR036,8948.74
C03245,P068,PR030,12661.73
C03246,P083,PR021,5226.87
C03247,P096,PR022,3251.9
C03248,P070,PR009,9911.25
C03249,P092,PR019,973.72
C03250,P092,PR003,10198.64
C03251,P047,PR003,12562.81
C03252,P075,PR047,17147.17
C03253,P082,PR033,7433.86
C03254,P052,PR026,16947.88
C03255,P043,PR017,12200.18
C03256,P003,PR010,7932.73
C03257,P084,PR024,1414.26
C03258,P082,PR025,8083.48
C03259,P028,PR009,10741.08
C03260,P030,PR019,8549.96
C03261,P029,PR014,6662.78
C03262,P039,PR031,10167.24
C03263,P063,PR050,14875.76
C03264,P100,PR017,471.73
C03265,P058,PR030,23152.62
C03266,P055,PR048,19887.69
C03267,P028,PR039,9184.29
C03268,P056,PR011,23745.31
C03269,P085,PR037,20237.71
C03270,P071,PR023,15589.57
C03271,P003,PR014,24581.46
C03272,P015,PR024,18189.02
C03273,P084,PR046,11244.77
C03274,P042,PR041,2469.79
C03275,P067,PR024,5753.94
C03276,P012,PR022,3268.84
C03277,P045,PR016,6724.5
C03278,P066,PR026,14542.44
C03279,P002,PR017,19091.79
C03280,P036,PR032,2952.04
C03281,P086,PR027,7032.07
C03282,P008,PR023,12224.64
C03283,P069,PR039,6646.07
C03284,P055,PR047,9599.03
C03285,P073,PR049,24768.73
C03286,P048,PR005,14079.01
C03287,P057,PR019,11770.48
C03288,P096,PR024,5090.89
C03289,P050,PR050,20952.85
C03290,P022,PR029,9085.72
C03291,P070,PR047,3239.89
C03292,P096,PR011,8342.18
C03293,P092,PR001,3148.8
C03294,P026,PR009,14009.78
C03295,P007,PR025,18952.17
C03296,P017,PR022,11836.95
C03297,P013,PR002,9752.98
C03298,P049,PR006,18682.79
C03299,P078,PR009,2178.85
C03300,P034,PR019,3822.1
C03301,P094,PR048,8378.39
C03302,P088,PR046,2558.95
C03303,P057,PR006,12752.62
C03304,P084,PR001,22828.32
C03305,P025,PR034,19300.95
C03306,P089,PR029,2906.26
C03307,P025,PR002,14678.59
C03308,P004,PR044,23199.51
C03309,P014,PR020,15798.95
C03310,P003,PR027,23063.23
C03311,P071,PR012,20429.28
C03312,P077,PR039,6578.99
C03313,P023,PR003,623.7
C03314,P025,PR013,4364.88
C03315,P092,PR008,15921.88
C03316,P007,PR043,17771.62
C03317,P085,PR020,2807.1
C03318,P022,PR014,52.87
C03319,P030,PR011,10573.89
C03320,P030,PR010,23442.27
C03321,P066,PR030,24949.67
C03322,P005,PR010,12487.37
C03323,P033,PR030,14059.59
C03324,P089,PR023,14704.96
C03325,P078,PR043,11605.66
C03326,P031,PR048,21683.35
C03327,P060,PR031,12380.47
C03328,P025,PR022,4830.99
C03329,P043,PR030,1173.06
C03330,P089,PR012,6569.63
C03331,P071,PR016,11224.17
C03332,P056,PR009,19436.3
C03333,P023,PR038,20265.5
C03334,P066,PR037,20484.16
C03335,P062,PR048,16811.98
C03336,P090,PR020,13825.02
C03337,P036,PR034,12548.54
C03338,P049,PR016,13075.79
C03339,P029,PR022,21392.52
C03340,P036,PR037,8005.15
C03341,P049,PR017,6113.6
C03342,P079,PR006,16401.95
C03343,P022,PR050,19056.96
C03344,P071,PR043,14416.59
C03345,P070,PR039,2086.54
C03346,P057,PR031,17167.24
C03347,P047,PR021,1917.89
C03348,P069,PR034,5443.07
C03349,P086,PR045,22904.51
C03350,P046,PR022,13531.51
C03351,P066,PR035,4330.12
C03352,P022,PR041,21936.56
C03353,P025,PR038,5153.89
C03354,P070,PR003,14216.45
C03355,P054,PR013,24264.33
C03356,P053,PR022,17010.11
C03357,P004,PR021,20495.32
C03358,P017,PR015,22383.14
C03359,P071,PR032,4370.6
C03360,P016,PR008,20599.48
C03361,P013,PR002,15499.44
C03362,P023,PR006,13664.51
C03363,P018,PR045,371.68
C03364,P053,PR018,4804.18
C03365,P084,PR029,22546.52
C03366,P099,PR032,19662.39
C03367,P077,PR032,11715.39
C03368,P074,PR017,2600.86
C03369,P044,PR005,11441.52
C03370,P088,PR025,7045.37
C03371,P043,PR005,7592.87
C03372,P034,PR042,16732.64
C03373,P019,PR012,4722.5
C03374,P049,PR008,23093.47
C03375,P052,PR011,17882.09
C03376,P045,PR040,13243.09
C03377,P051,PR008,23190.67
C03378,P049,PR024,5745.54
C03379,P014,PR014,17210.73
C03380,P049,PR006,775.6
C03381,P047,PR023,9689.18
C03382,P018,PR040,18774.25
C03383,P028,PR014,11668.3
C03384,P029,PR034,4569.95
C03385,P033,PR031,5658.19
C03386,P003,PR001,3138.98
C03387,P023,PR004,5885.48
C03388,P041,PR021,23722.18
C03389,P014,PR027,11841.02
C03390,P082,PR003,6852.16
C03391,P046,PR045,5286.03
C03392,P044,PR032,24768.7
C03393,P037,PR047,7302.78
C03394,P003,PR024,21549.85
C03395,P004,PR049,24627.44
C03396,P030,PR015,24716.29
C03397,P072,PR043,13684.61
C03398,P024,PR032,7392.59
C03399,P009,PR013,3130.66
C03400,P073,PR001,8050.01
C03401,P065,PR048,3746.44
C03402,P007,PR013,4241.01
C03403,P029,PR010,21810.39
C03404,P029,PR035,16172.79
C03405,P032,PR016,17967.83
C03406,P074,PR019,22740.85
C03407,P079,PR028,5879.06
C03408,P093,PR037,3776.05
C03409,P076,PR043,16937.71
C03410,P075,PR049,3189.8
C03411,P085,PR012,9690.0
C03412,P065,PR010,24189.48
C03413,P085,PR008,14243.86
C03414,P017,PR035,4854.59
C03415,P022,PR031,5818.24
C03416,P009,PR021,22445.01
C03417,P064,PR009,11177.91
C03418,P065,PR050,13405.07
C03419,P051,PR008,23317.24
C03420,P004,PR011,22042.73
C03421,P079,PR037,6243.94
C03422,P080,PR025,7007.93
C03423,P005,PR031,11163.5
C03424,P083,PR006,19402.2
C03425,P056,PR009,21634.53
C03426,P028,PR040,504.19
C03427,P035,PR048,611.98
C03428,P020,PR046,21438.68
C03429,P087,PR031,14352.13
C03430,P083,PR011,12572.18
C03431,P025,PR018,9345.11
C03432,P080,PR002,20164.88
C03433,P049,PR050,1851.64
C03434,P070,PR048,10871.75
C03435,P001,PR020,3021.29
C03436,P026,PR031,3139.3
C03437,P084,PR015,16458.73
C03438,P079,PR011,15280.78
C03439,P083,PR025,9441.41
C03440,P006,PR011,15889.84
C03441,P070,PR010,24623.92
C03442,P033,PR031,15138.67
C03443,P093,PR026,3442.47
C03444,P047,PR048,11205.13
C03445,P032,PR018,15151.71
C03446,P022,PR029,23383.92
C03447,P057,PR013,24348.01
C03448,P082,PR005,4847.76
C03449,P055,PR012,10985.52
C03450,P010,PR004,16553.49
C03451,P020,PR010,10854.32
C03452,P025,PR039,9802.33
C03453,P013,PR021,10937.3
C03454,P085,PR049,22423.57
C03455,P050,PR019,17207.63
C03456,P054,PR003,867.94
C03457,P042,PR017,9470.92
C03458,P038,PR006,8157.44
C03459,P100,PR037,3582.38
C03460,P011,PR004,4606.46
C03461,P063,PR022,10608.39
C03462,P006,PR029,22256.81
C03463,P094,PR032,6391.9
C03464,P049,PR011,10772.69
C03465,P095,PR024,9729.73
C03466,P090,PR007,17493.25
C03467,P079,PR026,8206.18
C03468,P084,PR047,24018.83
C03469,P096,PR041,17022.8
C03470,P008,PR005,6674.39
C03471,P008,PR037,5367.86
C03472,P028,PR036,15620.28
C03473,P026,PR003,1690.57
C03474,P083,PR049,1735.32
C03475,P001,PR034,16691.71
C03476,P004,PR049,16935.88
C03477,P019,PR029,3979.4
C03478,P082,PR003,16335.75
C03479,P099,PR016,5632.6
C03480,P071,PR002,11337.38
C03481,P055,PR015,16220.03
C03482,P047,PR004,13132.07
C03483,P046,PR028,24235.15
C03484,P046,PR048,257.31
C03485,P062,PR037,10091.42
C03486,P028,PR045,11788.34
C03487,P022,PR024,16286.45
C03488,P014,PR001,19791.27
C03489,P068,PR035,10042.66
C03490,P072,PR026,14883.37
C03491,P076,PR041,21772.31
C03492,P017,PR047,4123.08
C03493,P082,PR024,1176.95
C03494,P037,PR013,9639.23
C03495,P081,PR005,24147.64
C03496,P007,PR010,17092.77
C03497,P020,PR009,11362.64
C03498,P023,PR010,23818.39
C03499,P023,PR037,3547.8
C03500,P074,PR016,15233.35
C03501,P047,PR017,2813.09
C03502,P007,PR012,3036.1
C03503,P080,PR049,17482.1
C03504,P007,PR020,3569.43
C03505,P001,PR045,16583.26
C03506,P059,PR003,10808.54
C03507,P016,PR012,2039.75
C03508,P006,PR022,11978.06
C03509,P078,PR029,19584.86
C03510,P096,PR031,13908.38
C03511,P013,PR033,19787.84
C03512,P072,PR040,6243.6
C03513,P040,PR049,13816.13
C03514,P062,PR002,7455.74
C03515,P074,PR046,12062.21
C03516,P026,PR047,16680.76
C03517,P019,PR012,20204.99
C03518,P009,PR021,20710.54
C03519,P064,PR045,151.34
C03520,P044,PR048,20388.19
C03521,P004,PR033,7951.85
C03522,P086,PR016,19817.2
C03523,P017,PR013,15428.62
C03524,P045,PR014,18277.42
C03525,P043,PR011,19000.39
C03526,P057,PR045,4273.16
C03527,P047,PR024,19362.83
C03528,P034,PR013,24186.65
C03529,P046,PR008,8905.77
C03530,P085,PR045,4177.53
C03531,P074,PR010,6921.95
C03532,P023,PR034,13172.24
C03533,P073,PR016,5631.64
C03534,P060,PR014,16365.86
C03535,P033,PR044,6816.23
C03536,P086,PR032,7902.33
C03537,P022,PR024,7785.14
C03538,P084,PR001,13289.4
C03539,P049,PR049,10249.92
C03540,P037,PR045,23496.44
C03541,P046,PR010,22651.6
C03542,P088,PR037,24642.46
C03543,P011,PR037,14399.77
C03544,P012,PR049,2640.46
C03545,P024,PR015,9053.85
C03546,P008,PR015,24032.32
C03547,P053,PR027,19525.18
C03548,P033,PR029,9791.76
C03549,P084,PR001,22886.72
C03550,P069,PR043,17640.83
C03551,P097,PR049,11509.28
C03552,P074,PR025,1844.08
C03553,P075,PR041,2704.65
C03554,P058,PR019,2943.15
C03555,P100,PR019,19676.95
C03556,P062,PR028,11512.0
C03557,P025,PR024,14934.94
C03558,P025,PR026,3556.85
C03559,P041,PR003,4264.26
C03560,P014,PR005,15873.33
C03561,P090,PR014,410.07
C03562,P063,PR021,11793.97
C03563,P054,PR012,15021.3
C03564,P093,PR016,21094.93
C03565,P100,PR019,21040.62
C03566,P011,PR002,910.48
C03567,P001,PR044,18609.82
C03568,P029,PR040,7993.53
C03569,P078,PR021,2447.95
C03570,P037,PR017,23852.38
C03571,P100,PR036,1983.31
C03572,P052,PR021,11778.49
C03573,P042,PR012,14195.37
C03574,P040,PR003,7080.23
C03575,P055,PR002,13528.19
C03576,P077,PR014,3495.08
C03577,P085,PR007,24820.61
C03578,P069,PR038,11360.53
C03579,P034,PR022,2528.37
C03580,P046,PR027,18233.55
C03581,P057,PR028,9666.46
C03582,P080,PR035,8524.04
C03583,P015,PR013,9732.88
C03584,P091,PR019,11981.22
C03585,P088,PR024,9908.91
C03586,P059,PR028,24218.38
C03587,P076,PR019,12056.05
C03588,P063,PR005,3920.33
C03589,P012,PR007,24375.89
C03590,P084,PR047,21106.64
C03591,P051,PR049,4490.49
C03592,P048,PR050,23494.33
C03593,P009,PR028,13079.55
C03594,P003,PR015,19753.74
C03595,P056,PR037,4594.24
C03596,P012,PR030,1287.41
C03597,P048,PR022,2824.92
C03598,P030,PR041,23325.29
C03599,P062,PR011,12325.73
C03600,P037,PR013,14263.06
C03601,P079,PR037,6529.77
C03602,P006,PR020,8221.88
C03603,P062,PR029,12128.31
C03604,P047,PR030,12228.63
C03605,P003,PR023,22948.27
C03606,P089,PR010,1851.24
C03607,P010,PR020,21285.11
C03608,P053,PR021,6645.09
C03609,P087,PR034,16689.59
C03610,P016,PR025,5670.66
C03611,P095,PR006,11870.92
C03612,P018,PR012,14042.04
C03613,P066,PR035,8861.54
C03614,P037,PR006,18891.56
C03615,P021,PR029,9220.79
C03616,P057,PR014,9935.08
C03617,P038,PR017,116.29
C03618,P084,PR012,18791.17
C03619,P100,PR039,23071.23
C03620,P038,PR014,7499.97
C03621,P098,PR023,23664.2
C03622,P063,PR019,24860.93
C03623,P086,PR017,18277.91
C03624,P084,PR014,19379.66
C03625,P027,PR020,9600.32
C03626,P001,PR036,16025.22
C03627,P048,PR025,8678.05
C03628,P029,PR043,1712.64
C03629,P005,PR015,15846.54
C03630,P082,PR036,18187.85
C03631,P053,PR045,8018.23
C03632,P043,PR035,7461.22
C03633,P098,PR018,6452.33
C03634,P084,PR025,14902.28
C03635,P050,PR050,919.74
C03636,P079,PR044,6977.38
C03637,P005,PR034,19411.92
C03638,P031,PR017,21945.86
C03639,P094,PR025,17020.5
C03640,P044,PR030,6996.26
C03641,P097,PR025,7490.5
C03642,P070,PR034,17074.83
C03643,P098,PR013,19743.82
C03644,P067,PR029,6552.19
C03645,P097,PR028,14002.57
C03646,P043,PR011,8006.19
C03647,P025,PR049,10450.41
C03648,P030,PR031,14027.49
C03649,P084,PR006,19367.19
C03650,P092,PR028,4273.84
C03651,P076,PR035,16876.43
C03652,P045,PR007,21427.08
C03653,P043,PR005,5336.37
C03654,P016,PR009,2995.89
C03655,P072,PR022,15540.57
C03656,P018,PR030,9482.52
C03657,P002,PR050,19321.72
C03658,P019,PR024,11937.56
C03659,P060,PR041,11978.68
C03660,P095,PR029,23883.36
C03661,P052,PR047,2065.82
C03662,P072,PR036,8888.68
C03663,P017,PR021,12189.02
C03664,P053,PR001,8766.73
C03665,P008,PR023,6281.88
C03666,P088,PR004,18500.81
C03667,P049,PR019,18410.85
C03668,P095,PR026,16310.17
C03669,P088,PR003,3427.73
C03670,P098,PR014,21383.77
C03671,P092,PR015,14853.61
C03672,P050,PR048,15495.83
C03673,P045,PR029,15121.97
C03674,P005,PR003,3109.92
C03675,P096,PR038,1757.8
C03676,P007,PR002,19742.82
C03677,P002,PR027,19285.37
C03678,P041,PR038,16711.32
C03679,P071,PR034,22846.24
C03680,P026,PR030,11320.68
C03681,P057,PR026,380.43
C03682,P099,PR020,5154.82
C03683,P089,PR016,21563.27
C03684,P041,PR017,14639.19
C03685,P073,PR043,20108.14
C03686,P098,PR046,8721.56
C03687,P034,PR035,5054.82
C03688,P054,PR011,14553.69
C03689,P019,PR037,5603.43
C03690,P002,PR021,9506.32
C03691,P009,PR045,10911.03
C03692,P083,PR038,3008.14
C03693,P064,PR016,12023.04
C03694,P097,PR012,7799.17
C03695,P086,PR046,6613.06
C03696,P041,PR023,22729.44
C03697,P088,PR015,13947.24
C03698,P098,PR039,9638.05
C03699,P015,PR019,5730.19
C03700,P033,PR026,21401.1
C03701,P073,PR030,20213.47
C03702,P036,PR036,4840.97
C03703,P095,PR012,20689.47
C03704,P025,PR016,7767.67
C03705,P010,PR005,18723.01
C03706,P030,PR014,14546.09
C03707,P026,PR010,16254.94
C03708,P050,PR030,22107.25
C03709,P068,PR038,3896.05
C03710,P025,PR031,11503.38
C03711,P044,PR004,1045.96
C03712,P086,PR014,12682.4
C03713,P091,PR010,5251.81
C03714,P085,PR038,18998.49
C03715,P017,PR039,19754.61
C03716,P059,PR003,14626.77
C03717,P059,PR015,5029.04
C03718,P050,PR018,2303.24
C03719,P046,PR034,17608.42
C03720,P042,PR020,11875.67
C03721,P034,PR007,11554.29
C03722,P039,PR024,13238.91
C03723,P054,PR006,18008.17
C03724,P097,PR019,19170.48
C03725,P097,PR048,10276.09
C03726,P036,PR008,5436.55
C03727,P073,PR014,6948.06
C03728,P045,PR001,130.31
C03729,P062,PR021,3091.19
C03730,P048,PR046,5941.76
C03731,P092,PR005,2461.75
C03732,P005,PR027,22680.32
C03733,P040,PR004,21195.49
C03734,P073,PR040,1347.23
C03735,P024,PR022,21633.12
C03736,P042,PR001,16109.81
C03737,P005,PR045,13057.74
C03738,P084,PR042,16021.24
C03739,P008,PR026,2755.62
C03740,P055,PR042,23598.6
C03741,P066,PR007,16568.16
C03742,P045,PR025,10778.36
C03743,P014,PR010,7540.65
C03744,P029,PR025,11321.23
C03745,P083,PR043,18222.42
C03746,P084,PR025,18446.52
C03747,P061,PR027,23016.76
C03748,P022,PR008,15751.95
C03749,P088,PR004,5509.5
C03750,P008,PR031,9213.54
C03751,P094,PR015,14722.22
C03752,P084,PR032,24129.23
C03753,P076,PR045,1453.92
C03754,P054,PR030,9326.9
C03755,P075,PR047,14217.78
C03756,P036,PR046,4391.94
C03757,P078,PR032,22755.71
C03758,P060,PR022,21459.93
C03759,P016,PR050,4509.52
C03760,P096,PR012,1387.75
C03761,P013,PR046,10943.17
C03762,P014,PR043,4782.41
C03763,P079,PR039,10133.34
C03764,P052,PR005,10925.38
C03765,P057,PR029,17056.9
C03766,P054,PR039,2651.1
C03767,P089,PR029,329.06
C03768,P092,PR035,16430.49
C03769,P005,PR004,10092.25
C03770,P008,PR042,11339.25
C03771,P044,PR004,14783.16
C03772,P057,PR032,6611.38
C03773,P088,PR028,16431.49
C03774,P063,PR045,19861.38
C03775,P074,PR038,2334.12
C03776,P042,PR044,2064.42
C03777,P051,PR016,22356.9
C03778,P032,PR022,15446.99
C03779,P085,PR014,22065.36
C03780,P057,PR047,16940.54
C03781,P025,PR033,5247.92
C03782,P015,PR018,10587.89
C03783,P054,PR041,16785.93
C03784,P032,PR009,20184.42
C03785,P035,PR016,22817.67
C03786,P002,PR008,17114.13
C03787,P006,PR050,22745.45
C03788,P086,PR022,13031.35
C03789,P013,PR040,22350.52
C03790,P093,PR030,14907.28
C03791,P075,PR017,1622.13
C03792,P029,PR020,16483.06
C03793,P039,PR011,20975.33
C03794,P024,PR042,7310.56
C03795,P023,PR010,23896.3
C03796,P060,PR043,11964.24
C03797,P048,PR043,21045.9
C03798,P074,PR022,9896.75
C03799,P048,PR048,6038.05
C03800,P098,PR031,639.06
C03801,P047,PR034,1953.03
C03802,P097,PR010,21664.57
C03803,P057,PR006,9329.37
C03804,P034,PR016,3945.38
C03805,P067,PR047,16149.04
C03806,P051,PR032,16372.68
C03807,P023,PR032,19759.99
C03808,P069,PR047,10406.55
C03809,P036,PR038,10037.29
C03810,P072,PR049,2227.69
C03811,P028,PR024,15242.19
C03812,P005,PR012,15097.79
C03813,P078,PR032,9762.2
C03814,P030,PR028,12395.86
C03815,P095,PR029,5990.75
C03816,P067,PR049,4427.98
C03817,P023,PR030,4703.68
C03818,P030,PR008,1226.02
C03819,P083,PR034,1053.31
C03820,P028,PR021,3351.68
C03821,P075,PR046,5028.06
C03822,P087,PR048,3574.59
C03823,P050,PR005,18839.03
C03824,P057,PR044,23830.99
C03825,P093,PR031,9366.61
C03826,P091,PR036,6250.97
C03827,P006,PR012,19862.69
C03828,P034,PR036,20414.98
C03829,P066,PR048,22974.92
C03830,P009,PR034,12414.29
C03831,P032,PR016,5421.62
C03832,P046,PR015,15016.25
C03833,P080,PR045,8277.77
C03834,P091,PR021,18074.1
C03835,P018,PR034,6800.36
C03836,P057,PR023,19237.18
C03837,P052,PR003,11518.29
C03838,P066,PR017,10897.44
C03839,P042,PR003,16748.02
C03840,P082,PR024,7549.47
C03841,P029,PR048,1259.09
C03842,P096,PR042,1237.1
C03843,P086,PR013,16179.61
C03844,P034,PR014,22594.67
C03845,P047,PR032,14470.53
C03846,P013,PR036,458.9
C03847,P025,PR023,10178.84
C03848,P028,PR016,21245.13
C03849,P024,PR007,11529.24
C03850,P030,PR038,22731.47
C03851,P045,PR002,9393.19
C03852,P023,PR006,11828.88
C03853,P025,PR035,7335.87
C03854,P033,PR043,11665.25
C03855,P077,PR015,21895.68
C03856,P022,PR033,3525.35
C03857,P045,PR037,4696.3
C03858,P081,PR032,11250.87
C03859,P080,PR006,19030.92
C03860,P014,PR039,19261.32
C03861,P079,PR025,1346.23
C03862,P013,PR014,24395.19
C03863,P092,PR027,10837.46
C03864,P025,PR044,1551.7
C03865,P075,PR026,3651.41
C03866,P046,PR042,1470.2
C03867,P047,PR022,21648.72
C03868,P040,PR014,23203.83
C03869,P044,PR029,4829.49
C03870,P001,PR031,24871.22
C03871,P055,PR004,9279.59
C03872,P072,PR019,10582.51
C03873,P056,PR034,17134.87
C03874,P006,PR025,15659.67
C03875,P081,PR003,18272.37
C03876,P014,PR007,18210.64
C03877,P041,PR048,5499.5
C03878,P094,PR027,14121.17
C03879,P008,PR043,19402.51
C03880,P044,PR042,2902.57
C03881,P079,PR038,24922.93
C03882,P001,PR045,9231.11
C03883,P046,PR044,18991.13
C03884,P005,PR009,10819.71
C03885,P094,PR008,6874.7
C03886,P091,PR027,3872.59
C03887,P026,PR037,22470.14
C03888,P055,PR020,18969.79
C03889,P043,PR028,3956.35
C03890,P070,PR045,6585.91
C03891,P080,PR008,3605.16
C03892,P007,PR003,11183.23
C03893,P090,PR034,24913.87
C03894,P072,PR017,7272.79
C03895,P089,PR036,4517.53
C03896,P031,PR011,65.32
C03897,P040,PR035,6463.78
C03898,P008,PR037,18258.32
C03899,P068,PR002,8944.47
C03900,P084,PR035,1618.24
C03901,P080,PR038,14831.48
C03902,P001,PR023,13043.35
C03903,P066,PR002,12923.53
C03904,P021,PR028,9539.78
C03905,P060,PR001,22227.32
C03906,P065,PR006,2320.89
C03907,P024,PR021,12895.69
C03908,P038,PR011,17802.96
C03909,P001,PR029,392.88
C03910,P025,PR050,5700.68
C03911,P088,PR010,14855.71
C03912,P005,PR006,15016.6
C03913,P027,PR005,7663.16
C03914,P041,PR032,24408.37
C03915,P005,PR039,22088.15
C03916,P072,PR028,21143.84
C03917,P023,PR042,3897.96
C03918,P071,PR008,22621.38
C03919,P049,PR010,4247.04
C03920,P094,PR026,3986.64
C03921,P037,PR021,13204.13
C03922,P100,PR026,18768.94
C03923,P080,PR031,6898.02
C03924,P037,PR042,21752.32
C03925,P097,PR050,7751.3
C03926,P001,PR023,6834.05
C03927,P021,PR026,10205.31
C03928,P061,PR032,12879.53
C03929,P069,PR016,24717.28
C03930,P057,PR016,1543.08
C03931,P016,PR030,14658.8
C03932,P054,PR028,13808.5
C03933,P085,PR023,6736.72
C03934,P008,PR023,13446.9
C03935,P043,PR025,16061.31
C03936,P051,PR001,14403.85
C03937,P007,PR009,16081.5
C03938,P044,PR020,765.29
C03939,P051,PR006,10373.38
C03940,P067,PR025,16665.71
C03941,P009,PR047,4868.26
C03942,P043,PR005,2082.68
C03943,P071,PR034,17943.51
C03944,P096,PR019,8075.54
C03945,P088,PR046,6670.17
C03946,P011,PR008,16025.85
C03947,P002,PR012,6690.29
C03948,P078,PR003,24449.54
C03949,P067,PR004,22508.49
C03950,P043,PR011,14129.3
C03951,P003,PR017,14899.77
C03952,P054,PR047,10171.63
C03953,P054,PR014,15300.8
C03954,P064,PR012,2227.85
C03955,P073,PR015,12604.46
C03956,P084,PR036,21780.18
C03957,P030,PR029,24013.16
C03958,P075,PR033,19439.44
C03959,P061,PR015,14033.42
C03960,P059,PR006,18618.16
C03961,P047,PR022,11569.09
C03962,P010,PR038,11646.12
C03963,P006,PR044,22564.22
C03964,P006,PR050,14329.08
C03965,P015,PR019,3377.76
C03966,P048,PR016,4187.93
C03967,P015,PR006,8623.14
C03968,P011,PR044,3888.72
C03969,P022,PR042,23919.52
C03970,P031,PR046,11773.58
C03971,P059,PR011,11975.93
C03972,P082,PR008,1788.65
C03973,P014,PR034,16520.27
C03974,P087,PR027,10389.57
C03975,P045,PR003,9072.4
C03976,P043,PR029,913.37
C03977,P021,PR011,3392.2
C03978,P021,PR020,15710.62
C03979,P045,PR016,16623.57
C03980,P030,PR039,8662.55
C03981,P075,PR022,23446.33
C03982,P097,PR038,3857.27
C03983,P010,PR006,9232.89
C03984,P083,PR034,8759.37
C03985,P061,PR030,23936.7
C03986,P045,PR050,16004.5
C03987,P059,PR041,18723.25
C03988,P008,PR025,5012.54
C03989,P072,PR019,995.37
C03990,P029,PR043,9902.02
C03991,P003,PR026,12331.88
C03992,P039,PR029,5357.33
C03993,P081,PR025,23973.77
C03994,P035,PR006,3736.87
C03995,P001,PR016,21405.34
C03996,P063,PR021,7944.07
C03997,P040,PR043,3655.34
C03998,P023,PR001,12842.42
C03999,P065,PR048,12808.33
C04000,P035,PR031,2423.75
C04001,P043,PR020,7003.08
C04002,P082,PR050,5727.95
C04003,P085,PR035,19662.96
C04004,P079,PR030,1686.01
C04005,P075,PR049,17356.93
C04006,P035,PR025,3549.27
C04007,P019,PR007,8448.33
C04008,P016,PR020,24678.18
C04009,P007,PR010,16233.04
C04010,P073,PR001,17861.14
C04011,P053,PR046,17263.0
C04012,P031,PR006,5034.59
C04013,P059,PR009,20372.55
C04014,P023,PR028,9349.44
C04015,P003,PR025,2153.36
C04016,P018,PR037,21918.66
C04017,P062,PR001,7578.82
C04018,P086,PR012,9209.37
C04019,P021,PR005,6718.82
C04020,P017,PR022,16689.94
C04021,P098,PR024,24498.54
C04022,P070,PR042,16658.54
C04023,P020,PR008,19470.58
C04024,P026,PR029,6957.25
C04025,P081,PR014,23334.12
C04026,P027,PR029,20336.43
C04027,P067,PR005,2323.38
C04028,P053,PR028,15316.22
C04029,P072,PR043,11501.29
C04030,P064,PR037,17993.44
C04031,P014,PR013,7595.68
C04032,P081,PR024,7807.21
C04033,P012,PR001,5380.82
C04034,P013,PR040,5337.59
C04035,P088,PR026,9617.87
C04036,P069,PR013,6253.52
C04037,P055,PR009,8848.77
C04038,P081,PR024,3139.03
C04039,P006,PR045,17944.3
C04040,P083,PR025,17660.36
C04041,P063,PR037,19416.29
C04042,P041,PR006,15126.34
C04043,P032,PR020,21612.52
C04044,P069,PR027,14057.45
C04045,P089,PR046,15595.63
C04046,P069,PR026,9997.69
C04047,P017,PR014,4860.35
C04048,P097,PR011,8689.18
C04049,P018,PR020,8065.4
C04050,P011,PR043,667.22
C04051,P008,PR045,6530.1
C04052,P025,PR013,13591.05
C04053,P031,PR022,23436.31
C04054,P098,PR037,9412.21
C04055,P011,PR019,3094.37
C04056,P014,PR017,18032.61
C04057,P073,PR035,13572.54
C04058,P035,PR006,4959.82
C04059,P098,PR045,22630.61
C04060,P098,PR002,8798.41
C04061,P012,PR014,20610.87
C04062,P086,PR038,1032.85
C04063,P058,PR050,7672.49
C04064,P072,PR016,20195.96
C04065,P098,PR002,9728.1
C04066,P023,PR029,20094.42
C04067,P069,PR003,281.41
C04068,P039,PR031,15426.92
C04069,P081,PR042,16148.0
C04070,P071,PR046,925.48
C04071,P058,PR016,4940.38
C04072,P002,PR028,19845.14
C04073,P019,PR001,22103.02
C04074,P069,PR018,8095.12
C04075,P029,PR001,13595.22
C04076,P013,PR023,23463.9
C04077,P026,PR018,12058.07
C04078,P096,PR043,11597.13
C04079,P019,PR035,7955.44
C04080,P051,PR038,5248.45
C04081,P077,PR044,16528.6
C04082,P033,PR030,10989.09
C04083,P024,PR012,3952.25
C04084,P053,PR048,8147.5
C04085,P080,PR050,3544.26
C04086,P070,PR042,18033.46
C04087,P083,PR002,23080.71
C04088,P069,PR018,16354.29
C04089,P023,PR035,8857.01
C04090,P096,PR007,13393.26
C04091,P006,PR012,21669.09
C04092,P089,PR028,648.63
C04093,P009,PR042,548.6
C04094,P070,PR001,11580.5
C04095,P056,PR024,15100.67
C04096,P019,PR012,1425.8
C04097,P048,PR047,24836.25
C04098,P084,PR046,2115.54
C04099,P008,PR008,3681.75
C04100,P003,PR017,5521.61
C04101,P095,PR037,23106.49
C04102,P087,PR005,8642.47
C04103,P045,PR048,12363.87
C04104,P066,PR013,6755.46
C04105,P071,PR013,18109.63
C04106,P031,PR025,5504.1
C04107,P042,PR011,10126.58
C04108,P031,PR021,13593.93
C04109,P048,PR003,5222.06
C04110,P042,PR020,15512.8
C04111,P013,PR001,4716.14
C04112,P097,PR046,24387.26
C04113,P048,PR013,4000.36
C04114,P100,PR011,2820.19
C04115,P049,PR036,10819.97
C04116,P027,PR005,7107.34
C04117,P064,PR033,11596.83
C04118,P080,PR047,1289.79
C04119,P034,PR021,9828.36
C04120,P095,PR010,23096.91
C04121,P044,PR022,11311.22
C04122,P067,PR007,20141.16
C04123,P017,PR010,23467.25
C04124,P050,PR011,3336.32
C04125,P072,PR041,5210.35
C04126,P015,PR004,19450.57
C04127,P098,PR032,5625.76
C04128,P051,PR046,8743.31
C04129,P012,PR015,9237.24
C04130,P004,PR007,6623.59
C04131,P038,PR036,7783.99
C04132,P056,PR045,12260.06
C04133,P049,PR018,13726.43
C04134,P052,PR014,10473.11
C04135,P010,PR045,13363.84
C04136,P058,PR020,7719.0
C04137,P045,PR046,23096.08
C04138,P004,PR019,3286.5
C04139,P015,PR048,8102.94
C04140,P086,PR016,12918.74
C04141,P088,PR022,3553.92
C04142,P077,PR003,23618.07
C04143,P022,PR038,6319.42
C04144,P068,PR042,21471.68
C04145,P052,PR046,23456.76
C04146,P093,PR040,5697.35
C04147,P044,PR022,12874.27
C04148,P078,PR048,21221.25
C04149,P001,PR027,23231.83
C04150,P001,PR007,3473.59
C04151,P037,PR007,22870.72
C04152,P035,PR004,21566.19
C04153,P078,PR031,12507.72
C04154,P027,PR013,18466.1
C04155,P007,PR023,7053.17
C04156,P048,PR033,5698.26
C04157,P042,PR032,23205.32
C04158,P005,PR038,15763.28
C04159,P018,PR009,14239.18
C04160,P084,PR016,17861.0
C04161,P012,PR003,1318.33
C04162,P097,PR023,10349.25
C04163,P093,PR011,23507.04
C04164,P100,PR014,9365.65
C04165,P032,PR015,686.08
C04166,P041,PR036,16230.61
C04167,P017,PR022,16563.27
C04168,P018,PR007,11340.44
C04169,P037,PR047,10076.16
C04170,P052,PR039,2551.05
C04171,P091,PR041,8028.89
C04172,P092,PR038,8809.21
C04173,P051,PR025,21871.59
C04174,P040,PR005,12057.43
C04175,P063,PR047,24286.56
C04176,P015,PR021,23024.3
C04177,P023,PR021,10278.27
C04178,P019,PR037,23078.46
C04179,P089,PR012,18154.51
C04180,P078,PR024,10124.46
C04181,P079,PR014,22171.8
C04182,P078,PR047,15108.22
C04183,P095,PR047,15509.98
C04184,P096,PR048,21822.52
C04185,P048,PR018,17949.86
C04186,P040,PR031,920.08
C04187,P050,PR009,15454.52
C04188,P059,PR020,8596.11
C04189,P079,PR037,3079.08
C04190,P100,PR028,6081.91
C04191,P001,PR030,3049.09
C04192,P079,PR032,15084.71
C04193,P027,PR007,24701.97
C04194,P065,PR002,18796.33
C04195,P069,PR020,10377.82
C04196,P041,PR028,15825.89
C04197,P025,PR011,18512.67
C04198,P023,PR004,12366.74
C04199,P015,PR012,323.31
C04200,P076,PR003,2117.69
C04201,P073,PR028,8730.87
C04202,P068,PR004,8951.38
C04203,P061,PR049,22800.79
C04204,P047,PR012,19421.44
C04205,P049,PR016,17642.47
C04206,P067,PR017,13876.65
C04207,P005,PR037,10281.1
C04208,P099,PR033,6704.7
C04209,P029,PR021,10819.75
C04210,P072,PR007,5437.68
C04211,P070,PR032,13699.43
C04212,P098,PR021,9575.68
C04213,P015,PR015,18614.82
C04214,P055,PR030,24646.1
C04215,P051,PR040,7207.56
C04216,P017,PR014,20988.47
C04217,P004,PR035,1846.73
C04218,P081,PR006,7989.54
C04219,P055,PR004,12143.45
C04220,P091,PR034,2950.72
C04221,P083,PR030,16822.57
C04222,P061,PR043,15551.64
C04223,P038,PR025,8811.03
C04224,P070,PR050,19310.55
C04225,P027,PR046,17367.01
C04226,P069,PR004,17512.55
C04227,P069,PR042,3136.44
C04228,P014,PR036,23185.16
C04229,P099,PR008,20357.46
C04230,P011,PR012,18478.44
C04231,P053,PR004,2143.76
C04232,P025,PR039,3687.9
C04233,P058,PR001,4674.78
C04234,P028,PR014,24057.34
C04235,P094,PR001,9106.59
C04236,P098,PR042,646.47
C04237,P006,PR040,3570.41
C04238,P015,PR016,20223.66
C04239,P053,PR010,5241.32
C04240,P045,PR004,1805.13
C04241,P087,PR024,7159.91
C04242,P007,PR014,20126.4
C04243,P004,PR006,13025.67
C04244,P012,PR032,5394.95
C04245,P081,PR008,508.81
C04246,P005,PR041,10200.8
C04247,P099,PR029,2907.28
C04248,P003,PR036,72.37
C04249,P033,PR007,16900.32
C04250,P040,PR011,18938.71
C04251,P007,PR007,13454.03
C04252,P044,PR010,12724.25
C04253,P053,PR006,13644.77
C04254,P069,PR040,2240.28
C04255,P057,PR007,2982.7
C04256,P089,PR004,22032.86
C04257,P082,PR003,3582.51
C04258,P026,PR027,17014.01
C04259,P081,PR035,13992.08
C04260,P096,PR015,7136.4
C04261,P011,PR034,1821.69
C04262,P034,PR033,7719.82
C04263,P058,PR050,12391.41
C04264,P035,PR028,23586.98
C04265,P032,PR002,9192.38
C04266,P096,PR011,16995.21
C04267,P080,PR046,3839.52
C04268,P089,PR010,11366.98
C04269,P080,PR001,15154.6
C04270,P054,PR025,8207.05
C04271,P061,PR039,14472.88
C04272,P003,PR047,372.64
C04273,P011,PR047,3351.66
C04274,P090,PR016,17502.79
C04275,P026,PR007,2145.87
C04276,P036,PR007,4832.03
C04277,P095,PR009,22009.16
C04278,P018,PR022,3667.84
C04279,P017,PR048,2677.18
C04280,P092,PR026,11970.03
C04281,P029,PR004,20008.47
C04282,P059,PR015,13762.86
C04283,P100,PR045,12652.28
C04284,P074,PR014,18167.25
C04285,P027,PR024,21480.29
C04286,P093,PR002,15886.36
C04287,P099,PR031,23610.21
C04288,P096,PR011,15759.75
C04289,P051,PR037,16971.91
C04290,P036,PR045,3595.06
C04291,P087,PR018,11079.89
C04292,P022,PR038,15606.73
C04293,P058,PR020,10722.83
C04294,P073,PR027,19127.62
C04295,P050,PR012,18414.39
C04296,P079,PR025,4842.81
C04297,P010,PR042,11658.31
C04298,P087,PR034,14332.83
C04299,P030,PR047,17806.47
C04300,P050,PR049,1950.59
C04301,P014,PR008,9743.14
C04302,P027,PR040,10176.38
C04303,P059,PR026,6322.34
C04304,P011,PR016,9906.45
C04305,P066,PR019,11275.86
C04306,P037,PR017,21532.42
C04307,P068,PR030,6011.31
C04308,P042,PR015,8706.34
C04309,P085,PR002,6328.05
C04310,P065,PR008,18871.09
C04311,P098,PR043,21386.27
C04312,P039,PR004,1010.97
C04313,P070,PR026,10175.59
C04314,P074,PR006,8396.79
C04315,P034,PR001,7983.63
C04316,P039,PR049,21813.69
C04317,P066,PR007,22287.75
C04318,P058,PR043,12574.86
C04319,P043,PR018,12034.1
C04320,P065,PR042,23274.1
C04321,P046,PR004,23232.47
C04322,P053,PR035,24039.82
C04323,P041,PR031,734.19
C04324,P043,PR039,11350.76
C04325,P091,PR048,15674.51
C04326,P068,PR007,6498.4
C04327,P028,PR001,17072.46
C04328,P088,PR048,11134.21
C04329,P001,PR005,22515.58
C04330,P004,PR047,13963.37
C04331,P007,PR001,15371.82
C04332,P082,PR030,12242.56
C04333,P094,PR025,8877.52
C04334,P003,PR013,23815.72
C04335,P004,PR049,3457.99
C04336,P011,PR014,20962.55
C04337,P031,PR001,11899.93
C04338,P031,PR038,3239.81
C04339,P050,PR034,16701.37
C04340,P026,PR026,6486.77
C04341,P067,PR042,20999.76
C04342,P098,PR015,23086.68
C04343,P047,PR002,10767.52
C04344,P047,PR007,17537.35
C04345,P045,PR012,22535.29
C04346,P053,PR006,22967.11
C04347,P029,PR015,24160.51
C04348,P083,PR048,987.94
C04349,P036,PR009,7966.08
C04350,P097,PR040,22718.05
C04351,P085,PR044,918.94
C04352,P025,PR039,17926.59
C04353,P031,PR050,24605.52
C04354,P066,PR035,17411.91
C04355,P002,PR006,22085.3
C04356,P005,PR033,24473.04
C04357,P015,PR041,10787.25
C04358,P051,PR038,8795.05
C04359,P062,PR024,16668.83
C04360,P060,PR049,18174.71
C04361,P084,PR017,12839.39
C04362,P097,PR036,22110.27
C04363,P016,PR028,3448.1
C04364,P090,PR005,5038.81
C04365,P051,PR049,10456.08
C04366,P074,PR019,12644.39
C04367,P057,PR004,8083.05
C04368,P073,PR013,14729.15
C04369,P049,PR018,11524.38
C04370,P077,PR010,13546.37
C04371,P032,PR010,18557.96
C04372,P096,PR022,14529.09
C04373,P027,PR016,21696.78
C04374,P049,PR045,127.65
C04375,P089,PR043,7257.38
C04376,P095,PR049,17100.69
C04377,P028,PR022,8537.68
C04378,P034,PR048,24171.21
C04379,P004,PR033,1897.69
C04380,P052,PR037,23431.87
C04381,P024,PR034,14862.8
C04382,P005,PR034,5003.41
C04383,P032,PR016,24349.83
C04384,P044,PR028,21287.48
C04385,P007,PR045,16084.24
C04386,P072,PR042,15265.31
C04387,P044,PR047,8292.09
C04388,P095,PR015,20327.74
C04389,P001,PR026,23780.42
C04390,P037,PR036,10872.23
C04391,P037,PR010,23265.52
C04392,P018,PR041,10105.52
C04393,P055,PR032,15593.42
C04394,P089,PR010,5092.38
C04395,P016,PR021,15862.96
C04396,P056,PR049,1803.51
C04397,P046,PR014,20922.43
C04398,P010,PR014,15637.61
C04399,P016,PR037,21326.55
C04400,P071,PR009,12606.28
C04401,P054,PR028,11467.95
C04402,P080,PR016,15398.56
C04403,P055,PR037,24924.25
C04404,P087,PR005,689.98
C04405,P045,PR015,6857.05
C04406,P054,PR021,16677.39
C04407,P045,PR016,4867.46
C04408,P090,PR009,12323.02
C04409,P022,PR010,17091.99
C04410,P069,PR003,18831.01
C04411,P048,PR022,12016.57
C04412,P071,PR024,8986.51
C04413,P095,PR015,11780.75
C04414,P060,PR016,12920.81
C04415,P013,PR044,3679.36
C04416,P020,PR039,14565.07
C04417,P017,PR022,10292.67
C04418,P081,PR029,11730.39
C04419,P085,PR013,132.02
C04420,P099,PR026,12501.33
C04421,P073,PR039,20762.11
C04422,P081,PR005,14311.43
C04423,P060,PR020,1309.49
C04424,P097,PR039,17248.12
C04425,P023,PR011,11013.0
C04426,P040,PR044,7633.66
C04427,P003,PR031,11880.09
C04428,P047,PR035,12106.1
C04429,P012,PR006,12073.81
C04430,P072,PR012,11462.1
C04431,P055,PR013,18119.53
C04432,P097,PR044,8255.57
C04433,P093,PR045,3455.54
C04434,P034,PR025,8466.0
C04435,P080,PR006,11084.9
C04436,P095,PR046,18670.34
C04437,P045,PR047,22444.68
C04438,P063,PR019,24108.42
C04439,P050,PR020,2901.95
C04440,P090,PR004,604.7
C04441,P004,PR017,4019.19
C04442,P063,PR049,17758.42
C04443,P056,PR038,10322.77
C04444,P041,PR026,12622.59
C04445,P028,PR010,15008.04
C04446,P075,PR043,23568.97
C04447,P004,PR027,15894.34
C04448,P065,PR026,16783.18
C04449,P030,PR016,5336.75
C04450,P017,PR032,4792.26
C04451,P073,PR022,980.81
C04452,P011,PR012,23895.42
C04453,P001,PR028,7839.85
C04454,P006,PR043,10962.93
C04455,P027,PR013,12309.26
C04456,P088,PR002,12834.17
C04457,P077,PR034,21296.44
C04458,P076,PR045,21006.59
C04459,P040,PR044,19011.91
C04460,P077,PR015,21757.79
C04461,P013,PR022,263.74
C04462,P064,PR027,5288.56
C04463,P060,PR011,24322.68
C04464,P021,PR010,13616.21
C04465,P059,PR023,20955.88
C04466,P031,PR043,21750.92
C04467,P080,PR028,10780.04
C04468,P086,PR001,22290.35
C04469,P019,PR028,13189.03
C04470,P050,PR040,9135.72
C04471,P094,PR028,20033.66
C04472,P093,PR039,14467.99
C04473,P014,PR022,23614.9
C04474,P013,PR011,3904.02
C04475,P091,PR043,13071.54
C04476,P092,PR046,22580.55
C04477,P012,PR049,11271.41
C04478,P053,PR039,23682.34
C04479,P013,PR034,13493.92
C04480,P082,PR031,19236.28
C04481,P071,PR025,9098.07
C04482,P039,PR029,11856.97
C04483,P095,PR049,11651.27
C04484,P034,PR031,18941.59
C04485,P043,PR014,22609.0
C04486,P067,PR035,13940.44
C04487,P039,PR008,13740.46
C04488,P043,PR025,23893.65
C04489,P086,PR031,2684.59
C04490,P010,PR008,24138.13
C04491,P060,PR022,7161.68
C04492,P009,PR024,5112.09
C04493,P009,PR006,11349.44
C04494,P099,PR022,16615.76
C04495,P016,PR049,9640.76
C04496,P008,PR014,19073.27
C04497,P060,PR047,24205.75
C04498,P016,PR019,8995.1
C04499,P032,PR008,12026.74
C04500,P056,PR004,1164.99
C04501,P005,PR007,6946.97
C04502,P079,PR007,5228.58
C04503,P013,PR017,14412.22
C04504,P080,PR033,20485.37
C04505,P065,PR006,7284.98
C04506,P022,PR047,17498.35
C04507,P018,PR012,18454.41
C04508,P077,PR041,16973.39
C04509,P025,PR026,14140.49
C04510,P084,PR040,16973.99
C04511,P009,PR043,3265.02
C04512,P045,PR017,863.44
C04513,P025,PR040,13183.62
C04514,P067,PR036,12762.25
C04515,P060,PR011,13889.39
C04516,P056,PR045,10430.24
C04517,P074,PR016,52.14
C04518,P073,PR044,889.45
C04519,P008,PR012,10087.21
C04520,P019,PR043,23501.36
C04521,P080,PR014,18239.46
C04522,P060,PR013,2635.03
C04523,P071,PR007,16570.04
C04524,P038,PR002,23500.14
C04525,P086,PR038,8931.66
C04526,P041,PR044,18300.21
C04527,P067,PR034,869.34
C04528,P042,PR002,175.51
C04529,P059,PR012,16949.9
C04530,P078,PR025,5428.74
C04531,P001,PR047,24398.78
C04532,P026,PR048,17009.78
C04533,P063,PR042,1401.14
C04534,P050,PR027,4360.49
C04535,P062,PR049,17209.83
C04536,P023,PR034,15436.53
C04537,P023,PR030,22329.4
C04538,P015,PR040,13878.13
C04539,P082,PR014,543.32
C04540,P034,PR002,9115.57
C04541,P082,PR006,7881.01
C04542,P045,PR038,11887.49
C04543,P080,PR017,2075.83
C04544,P099,PR042,7102.72
C04545,P086,PR032,19101.19
C04546,P066,PR038,15077.81
C04547,P075,PR042,20364.52
C04548,P030,PR030,24841.79
C04549,P038,PR009,15762.82
C04550,P050,PR004,2416.71
C04551,P064,PR016,20294.05
C04552,P004,PR027,7560.91
C04553,P086,PR012,24959.2
C04554,P093,PR021,15946.37
C04555,P031,PR042,9037.1
C04556,P048,PR037,3077.11
C04557,P033,PR022,18007.09
C04558,P008,PR040,16165.49
C04559,P072,PR038,5756.67
C04560,P076,PR037,9852.04
C04561,P002,PR014,21654.03
C04562,P032,PR006,12939.36
C04563,P071,PR014,21112.73
C04564,P066,PR039,16099.59
C04565,P017,PR027,13955.61
C04566,P048,PR028,23812.41
C04567,P018,PR032,10804.22
C04568,P015,PR042,11451.39
C04569,P056,PR017,131.86
C04570,P047,PR001,7107.44
C04571,P041,PR047,3877.99
C04572,P044,PR035,20419.77
C04573,P090,PR006,24654.86
C04574,P067,PR025,22315.54
C04575,P069,PR001,21115.28
C04576,P059,PR032,19436.54
C04577,P020,PR016,14858.45
C04578,P094,PR048,19575.34
C04579,P100,PR022,2955.39
C04580,P083,PR009,22777.31
C04581,P029,PR044,9362.45
C04582,P081,PR010,1435.26
C04583,P053,PR020,22914.0
C04584,P036,PR027,2017.27
C04585,P093,PR002,24089.46
C04586,P014,PR019,1528.85
C04587,P096,PR044,5265.54
C04588,P083,PR003,2844.46
C04589,P026,PR001,24800.41
C04590,P030,PR001,18281.21
C04591,P060,PR030,5067.15
C04592,P074,PR031,24233.34
C04593,P093,PR047,18398.98
C04594,P097,PR023,12964.15
C04595,P045,PR043,18448.9
C04596,P016,PR015,6982.48
C04597,P081,PR038,5992.26
C04598,P011,PR049,18297.47
C04599,P072,PR030,3962.65
C04600,P013,PR048,3715.98
C04601,P002,PR011,17668.12
C04602,P089,PR040,3456.55
C04603,P007,PR026,2345.78
C04604,P040,PR026,20765.36
C04605,P038,PR046,7472.96
C04606,P048,PR046,1959.51
C04607,P031,PR042,24628.17
C04608,P001,PR017,1932.82
C04609,P036,PR024,11196.36
C04610,P066,PR017,4235.59
C04611,P069,PR003,19317.05
C04612,P069,PR039,15065.24
C04613,P074,PR028,6299.98
C04614,P049,PR035,17388.65
C04615,P037,PR047,9023.7
C04616,P091,PR015,6437.72
C04617,P062,PR027,9932.43
C04618,P048,PR035,9002.62
C04619,P060,PR048,17191.03
C04620,P054,PR016,13210.92
C04621,P074,PR040,14756.15
C04622,P024,PR011,4303.14
C04623,P019,PR006,9162.62
C04624,P027,PR028,22654.95
C04625,P085,PR046,21338.01
C04626,P011,PR007,19415.15
C04627,P042,PR013,11950.69
C04628,P049,PR025,22986.67
C04629,P066,PR042,19879.83
C04630,P049,PR038,9291.54
C04631,P029,PR011,10783.36
C04632,P015,PR028,9540.97
C04633,P009,PR036,9844.37
C04634,P020,PR034,4460.0
C04635,P089,PR048,11215.69
C04636,P095,PR013,4246.85
C04637,P035,PR010,13617.45
C04638,P019,PR036,13662.22
C04639,P043,PR049,15479.6
C04640,P089,PR010,24540.64
C04641,P016,PR023,17750.97
C04642,P022,PR004,23464.7
C04643,P024,PR009,5189.96
C04644,P071,PR001,13264.02
C04645,P058,PR003,18359.98
C04646,P038,PR022,20447.09
C04647,P094,PR034,8439.51
C04648,P063,PR039,10430.43
C04649,P027,PR033,16370.83
C04650,P056,PR015,23224.34
C04651,P068,PR046,20791.75
C04652,P003,PR033,8805.91
C04653,P014,PR015,1447.61
C04654,P063,PR044,21535.37
C04655,P077,PR004,12122.98
C04656,P088,PR026,17821.05
C04657,P100,PR042,13266.99
C04658,P049,PR035,13190.17
C04659,P047,PR003,7039.08
C04660,P070,PR029,4768.1
C04661,P026,PR043,14440.7
C04662,P023,PR031,14536.12
C04663,P038,PR039,19546.28
C04664,P047,PR042,21341.62
C04665,P087,PR050,15793.6
C04666,P070,PR029,7074.42
C04667,P067,PR037,1689.7
C04668,P041,PR049,7656.58
C04669,P043,PR009,20403.52
C04670,P029,PR034,23998.99
C04671,P071,PR047,23843.86
C04672,P012,PR007,13354.87
C04673,P097,PR048,13819.01
C04674,P073,PR039,11333.73
C04675,P021,PR027,4408.1
C04676,P040,PR014,15994.66
C04677,P044,PR045,11641.96
C04678,P060,PR005,8806.77
C04679,P084,PR045,3959.2
C04680,P097,PR022,4891.11
C04681,P041,PR017,9879.08
C04682,P027,PR037,13157.44
C04683,P027,PR050,20866.55
C04684,P056,PR050,22075.79
C04685,P073,PR024,20285.09
C04686,P065,PR008,8445.85
C04687,P049,PR049,6344.06
C04688,P038,PR043,11520.19
C04689,P082,PR043,20116.34
C04690,P038,PR033,4716.82
C04691,P064,PR022,24007.93
C04692,P006,PR021,19094.5
C04693,P031,PR027,21901.43
C04694,P005,PR029,13459.44
C04695,P079,PR011,5572.31
C04696,P092,PR015,14912.15
C04697,P013,PR044,3860.84
C04698,P084,PR023,539.73
C04699,P056,PR048,11683.84
C04700,P068,PR009,11756.65
C04701,P096,PR012,726.62
C04702,P037,PR036,12029.67
C04703,P096,PR044,1393.65
C04704,P051,PR019,2115.54
C04705,P082,PR050,19385.55
C04706,P094,PR045,22597.02
C04707,P018,PR003,13973.82
C04708,P083,PR016,4104.67
C04709,P023,PR027,8285.03
C04710,P034,PR002,23370.82
C04711,P072,PR021,2200.89
C04712,P039,PR014,3383.92
C04713,P042,PR036,9395.68
C04714,P091,PR015,4701.86
C04715,P038,PR021,7773.54
C04716,P013,PR024,19557.55
C04717,P006,PR032,1786.83
C04718,P061,PR049,11773.79
C04719,P023,PR044,8176.86
C04720,P083,PR049,8313.5
C04721,P064,PR043,1835.79
C04722,P073,PR032,8498.95
C04723,P096,PR007,18960.65
C04724,P093,PR003,5591.22
C04725,P058,PR011,13698.94
C04726,P074,PR033,21051.7
C04727,P007,PR016,1090.59
C04728,P076,PR033,9064.01
C04729,P087,PR040,17562.7
C04730,P046,PR040,21747.95
C04731,P085,PR047,20752.13
C04732,P029,PR015,7559.34
C04733,P055,PR004,8168.53
C04734,P065,PR008,5664.43
C04735,P031,PR037,1791.52
C04736,P096,PR010,5587.53
C04737,P066,PR032,13034.14
C04738,P078,PR038,17142.21
C04739,P001,PR009,19969.43
C04740,P099,PR041,8451.8
C04741,P057,PR027,23825.84
C04742,P043,PR040,2742.21
C04743,P027,PR033,9267.11
C04744,P074,PR043,17368.72
C04745,P021,PR029,11576.35
C04746,P054,PR007,11062.86
C04747,P080,PR018,15088.73
C04748,P066,PR003,243.24
C04749,P049,PR007,4914.14
C04750,P024,PR003,2597.15
C04751,P003,PR042,13302.28
C04752,P061,PR049,19317.26
C04753,P086,PR002,23170.82
C04754,P098,PR035,5674.9
C04755,P083,PR011,6777.62
C04756,P013,PR007,24056.97
C04757,P076,PR008,14008.83
C04758,P031,PR033,5498.7
C04759,P059,PR030,3768.54
C04760,P007,PR028,2812.84
C04761,P029,PR007,17918.15
C04762,P017,PR025,16159.04
C04763,P091,PR031,1035.65
C04764,P010,PR050,5547.63
C04765,P038,PR012,24217.17
C04766,P009,PR041,876.61
C04767,P007,PR013,8671.68
C04768,P075,PR028,18819.38
C04769,P071,PR035,11448.85
C04770,P075,PR042,1625.64
C04771,P040,PR003,19989.51
C04772,P094,PR017,2037.47
C04773,P095,PR029,8744.77
C04774,P074,PR046,7524.36
C04775,P035,PR038,12095.62
C04776,P067,PR039,7038.73
C04777,P067,PR006,16613.49
C04778,P041,PR048,20226.11
C04779,P051,PR005,14730.63
C04780,P023,PR003,1993.33
C04781,P051,PR029,20865.1
C04782,P044,PR015,2611.99
C04783,P030,PR010,14466.9
C04784,P006,PR022,24109.16
C04785,P089,PR026,2939.49
C04786,P042,PR004,6477.19
C04787,P067,PR008,4922.36
C04788,P005,PR026,6330.49
C04789,P054,PR039,20361.47
C04790,P072,PR009,20270.91
C04791,P074,PR002,12980.52
C04792,P047,PR005,11343.19
C04793,P024,PR040,9751.05
C04794,P034,PR018,24265.17
C04795,P042,PR042,20813.32
C04796,P027,PR046,2299.33
C04797,P061,PR045,20803.43
C04798,P037,PR039,3349.21
C04799,P088,PR045,304.23
C04800,P013,PR047,21981.08
C04801,P076,PR047,22895.47
C04802,P009,PR042,15191.17
C04803,P058,PR033,14388.01
C04804,P058,PR013,23292.64
C04805,P035,PR033,6929.16
C04806,P097,PR033,10983.49
C04807,P034,PR031,16844.7
C04808,P018,PR012,13739.21
C04809,P044,PR042,6854.59
C04810,P009,PR033,19401.59
C04811,P083,PR010,14052.77
C04812,P054,PR002,3416.99
C04813,P087,PR001,20045.2
C04814,P028,PR021,11539.25
C04815,P076,PR031,2171.14
C04816,P093,PR049,19521.9
C04817,P032,PR016,11637.03
C04818,P097,PR044,15044.3
C04819,P040,PR047,14923.39
C04820,P030,PR025,1582.41
C04821,P071,PR042,9725.36
C04822,P053,PR001,12962.5
C04823,P077,PR019,13687.43
C04824,P087,PR002,7032.99
C04825,P008,PR018,5174.12
C04826,P079,PR025,10859.25
C04827,P047,PR015,2261.31
C04828,P013,PR021,5116.29
C04829,P078,PR011,23946.68
C04830,P046,PR020,22778.47
C04831,P067,PR028,9096.36
C04832,P002,PR040,10705.57
C04833,P077,PR004,2809.88
C04834,P077,PR044,9417.18
C04835,P060,PR047,24153.4
C04836,P012,PR004,15025.79
C04837,P088,PR021,3661.57
C04838,P067,PR021,4454.13
C04839,P061,PR048,1071.91
C04840,P044,PR014,3080.12
C04841,P100,PR046,22386.49
C04842,P080,PR036,5780.66
C04843,P047,PR012,1851.01
C04844,P050,PR050,13361.39
C04845,P081,PR033,14560.67
C04846,P039,PR035,23077.97
C04847,P038,PR030,3206.58
C04848,P081,PR013,23181.39
C04849,P033,PR043,7912.3
C04850,P041,PR035,6768.08
C04851,P011,PR033,5945.2
C04852,P011,PR004,22151.73
C04853,P050,PR019,21392.62
C04854,P091,PR019,12139.58
C04855,P042,PR031,12650.07
C04856,P064,PR035,2666.86
C04857,P031,PR041,1888.68
C04858,P067,PR024,6478.34
C04859,P018,PR026,6404.37
C04860,P082,PR046,9895.91
C04861,P056,PR017,7028.29
C04862,P063,PR018,21893.17
C04863,P099,PR013,9023.87
C04864,P041,PR023,1943.61
C04865,P023,PR044,12135.87
C04866,P004,PR048,8275.07
C04867,P042,PR020,16991.6
C04868,P049,PR006,4991.39
C04869,P095,PR046,7997.86
C04870,P081,PR032,14439.45
C04871,P067,PR047,16088.94
C04872,P016,PR033,545.08
C04873,P084,PR013,15646.13
C04874,P067,PR013,8054.98
C04875,P009,PR004,24072.83
C04876,P085,PR020,4283.09
C04877,P080,PR019,783.9
C04878,P100,PR010,18222.95
C04879,P033,PR043,1385.04
C04880,P001,PR035,7184.07
C04881,P009,PR039,22914.91
C04882,P040,PR045,22973.17
C04883,P059,PR009,24472.53
C04884,P057,PR047,9775.89
C04885,P016,PR005,15878.4
C04886,P003,PR034,7548.83
C04887,P033,PR040,20462.74
C04888,P076,PR041,18950.08
C04889,P044,PR037,20047.26
C04890,P062,PR034,17286.51
C04891,P016,PR036,1809.66
C04892,P030,PR032,11902.5
C04893,P028,PR025,14305.72
C04894,P048,PR002,19816.05
C04895,P048,PR017,13365.97
C04896,P025,PR018,14847.55
C04897,P024,PR040,13448.52
C04898,P065,PR013,7423.64
C04899,P002,PR047,7053.71
C04900,P067,PR050,3082.96
C04901,P056,PR010,6025.61
C04902,P026,PR029,7683.31
C04903,P019,PR039,14003.44
C04904,P084,PR040,11114.77
C04905,P060,PR040,16203.35
C04906,P054,PR008,12690.59
C04907,P056,PR023,18343.0
C04908,P088,PR002,9963.82
C04909,P075,PR043,13103.27
C04910,P030,PR040,13583.9
C04911,P039,PR035,16720.3
C04912,P078,PR002,18758.77
C04913,P099,PR025,15200.14
C04914,P082,PR035,21029.12
C04915,P049,PR042,19670.66
C04916,P097,PR040,13333.57
C04917,P097,PR045,2325.73
C04918,P018,PR049,16947.93
C04919,P043,PR005,16849.82
C04920,P068,PR009,7049.14
C04921,P069,PR050,20829.97
C04922,P024,PR043,12859.49
C04923,P075,PR011,16827.28
C04924,P093,PR015,15682.88
C04925,P095,PR049,3305.56
C04926,P036,PR047,20991.61
C04927,P032,PR041,175.81
C04928,P070,PR024,3442.42
C04929,P030,PR006,24128.83
C04930,P057,PR025,11856.16
C04931,P028,PR028,10456.71
C04932,P053,PR050,10305.4
C04933,P015,PR024,20187.94
C04934,P071,PR008,22819.95
C04935,P062,PR018,12002.87
C04936,P076,PR028,24844.24
C04937,P025,PR015,4402.61
C04938,P081,PR012,11803.85
C04939,P100,PR047,12903.5
C04940,P079,PR011,1913.19
C04941,P051,PR020,20999.23
C04942,P015,PR028,16989.61
C04943,P004,PR017,24002.84
C04944,P079,PR024,5762.3
C04945,P002,PR009,18468.86
C04946,P061,PR040,20457.13
C04947,P099,PR022,20306.73
C04948,P055,PR023,8848.8
C04949,P024,PR005,9155.89
C04950,P011,PR004,969.07
C04951,P038,PR041,21428.55
C04952,P092,PR014,5096.05
C04953,P097,PR036,19019.12
C04954,P051,PR022,16792.53
C04955,P056,PR005,14672.22
C04956,P084,PR026,24594.75
C04957,P019,PR010,18195.59
C04958,P016,PR015,22868.05
C04959,P082,PR030,24211.21
C04960,P049,PR023,19264.9
C04961,P094,PR015,12770.22
C04962,P023,PR012,6765.76
C04963,P031,PR015,17945.49
C04964,P061,PR010,22343.71
C04965,P022,PR023,3695.43
C04966,P076,PR046,6790.12
C04967,P060,PR019,3879.58
C04968,P035,PR019,7396.91
C04969,P030,PR007,18380.9
C04970,P043,PR043,18684.57
C04971,P011,PR041,19124.36
C04972,P037,PR040,19932.34
C04973,P037,PR018,18543.71
C04974,P064,PR022,8425.79
C04975,P058,PR001,968.1
C04976,P095,PR020,1106.97
C04977,P083,PR028,3469.16
C04978,P038,PR046,2964.68
C04979,P054,PR031,16899.34
C04980,P016,PR032,2637.9
C04981,P088,PR005,14350.52
C04982,P058,PR020,23690.14
C04983,P091,PR042,5993.91
C04984,P079,PR018,18754.96
C04985,P035,PR009,7332.9
C04986,P100,PR030,3614.0
C04987,P037,PR045,15738.55
C04988,P021,PR028,7543.96
C04989,P086,PR046,6767.77
C04990,P022,PR044,5990.49
C04991,P051,PR002,12261.21
C04992,P020,PR042,9732.18
C04993,P040,PR016,9215.63
C04994,P021,PR036,10397.15
C04995,P048,PR009,13584.16
C04996,P038,PR018,10445.79
C04997,P072,PR029,23876.64
C04998,P044,PR010,15164.59
C04999,P004,PR033,15008.27
C05000,P015,PR021,5977.81
C05001,P049,PR047,21052.48
C05002,P029,PR020,17453.72
C05003,P078,PR009,8583.57
C05004,P050,PR043,12128.15
C05005,P016,PR045,11256.86
C05006,P025,PR049,16118.34
C05007,P094,PR031,2984.0
C05008,P012,PR039,9153.74
C05009,P062,PR037,18137.91
C05010,P071,PR029,21121.28
C05011,P048,PR012,5451.41
C05012,P064,PR005,20457.03
C05013,P064,PR022,13561.19
C05014,P097,PR001,8088.37
C05015,P054,PR006,17729.63
C05016,P082,PR024,17353.54
C05017,P015,PR018,12994.37
C05018,P027,PR026,3411.16
C05019,P096,PR020,7991.43
C05020,P068,PR037,19182.91
C05021,P018,PR038,1755.51
C05022,P048,PR031,18084.49
C05023,P013,PR045,1243.22
C05024,P079,PR004,16696.36
C05025,P049,PR012,6309.39
C05026,P098,PR032,13087.79
C05027,P093,PR038,24125.05
C05028,P049,PR042,20925.71
C05029,P070,PR009,19598.78
C05030,P016,PR029,3215.22
C05031,P007,PR005,18665.17
C05032,P018,PR014,13597.47
C05033,P012,PR012,7760.96
C05034,P089,PR047,18413.74
C05035,P060,PR038,23553.13
C05036,P080,PR004,15332.53
C05037,P038,PR021,3948.26
C05038,P062,PR017,5845.59
C05039,P093,PR023,1106.37
C05040,P051,PR020,7135.75
C05041,P051,PR037,22607.88
C05042,P063,PR015,11233.06
C05043,P034,PR048,8788.57
C05044,P095,PR015,3878.12
C05045,P090,PR044,14450.55
C05046,P024,PR032,22186.97
C05047,P037,PR047,17520.01
C05048,P017,PR039,9058.31
C05049,P075,PR012,20613.75
C05050,P066,PR041,16829.85
C05051,P054,PR002,10656.43
C05052,P044,PR021,18802.1
C05053,P037,PR045,22415.33
C05054,P036,PR019,15386.85
C05055,P039,PR044,1638.34
C05056,P079,PR044,12557.48
C05057,P062,PR005,8482.47
C05058,P064,PR033,4187.51
C05059,P019,PR038,11314.9
C05060,P068,PR045,3237.65
C05061,P084,PR017,3374.46
C05062,P078,PR044,1072.19
C05063,P016,PR046,4385.76
C05064,P033,PR001,3377.2
C05065,P078,PR004,13732.48
C05066,P008,PR011,19872.66
C05067,P095,PR036,16210.84
C05068,P082,PR018,9464.95
C05069,P019,PR022,5993.42
C05070,P056,PR037,11466.09
C05071,P076,PR004,12171.08
C05072,P027,PR007,4153.37
C05073,P089,PR037,13300.54
C05074,P099,PR039,2431.82
C05075,P041,PR024,22382.58
C05076,P009,PR049,16297.89
C05077,P023,PR005,9403.21
C05078,P023,PR017,1776.2
C05079,P082,PR035,20803.11
C05080,P053,PR009,21876.48
C05081,P023,PR045,21892.72
C05082,P092,PR008,11747.02
C05083,P024,PR026,9430.24
C05084,P016,PR009,8569.1
C05085,P098,PR035,12948.21
C05086,P001,PR044,4997.88
C05087,P013,PR036,7551.29
C05088,P076,PR014,16394.42
C05089,P065,PR035,9531.39
C05090,P091,PR048,11171.71
C05091,P099,PR003,14771.04
C05092,P068,PR050,14848.03
C05093,P051,PR025,12696.28
C05094,P020,PR049,13827.38
C05095,P034,PR021,6762.98
C05096,P090,PR049,1251.62
C05097,P093,PR048,21268.21
C05098,P094,PR044,10136.76
C05099,P083,PR004,12732.19
C05100,P064,PR048,18656.6
C05101,P014,PR016,18449.02
C05102,P019,PR002,18593.26
C05103,P001,PR028,14350.62
C05104,P036,PR050,94.5
C05105,P094,PR007,16947.95
C05106,P079,PR037,9461.32
C05107,P070,PR017,17148.18
C05108,P053,PR032,4355.5
C05109,P035,PR045,17123.98
C05110,P093,PR032,8936.31
C05111,P033,PR046,21485.52
C05112,P044,PR014,11462.9
C05113,P007,PR018,8680.04
C05114,P064,PR044,4970.2
C05115,P055,PR012,18855.02
C05116,P042,PR031,598.86
C05117,P058,PR036,23272.22
C05118,P056,PR017,5077.19
C05119,P044,PR012,11083.32
C05120,P040,PR012,17695.11
C05121,P055,PR014,4795.56
C05122,P011,PR042,4967.81
C05123,P022,PR024,10196.35
C05124,P097,PR015,24042.13
C05125,P027,PR001,11030.9
C05126,P066,PR037,19753.36
C05127,P038,PR033,15187.84
C05128,P089,PR010,20719.15
C05129,P029,PR042,12829.58
C05130,P081,PR011,19906.5
C05131,P054,PR029,2525.66
C05132,P043,PR002,13078.9
C05133,P040,PR004,10560.31
C05134,P065,PR047,21809.72
C05135,P081,PR017,23763.63
C05136,P073,PR010,24616.94
C05137,P087,PR012,19287.72
C05138,P042,PR009,3188.04
C05139,P092,PR031,21828.46
C05140,P061,PR048,14866.81
C05141,P052,PR047,4505.45
C05142,P036,PR030,9736.76
C05143,P080,PR045,19739.08
C05144,P019,PR024,1874.05
C05145,P019,PR002,2775.69
C05146,P066,PR015,6768.55
C05147,P037,PR013,20638.08
C05148,P092,PR047,401.73
C05149,P002,PR026,1359.01
C05150,P057,PR005,11269.15
C05151,P040,PR035,14884.14
C05152,P100,PR043,3988.76
C05153,P022,PR005,23493.9
C05154,P083,PR008,17465.0
C05155,P020,PR034,22553.84
C05156,P093,PR001,19197.23
C05157,P073,PR007,17968.01
C05158,P100,PR023,15301.39
C05159,P087,PR002,12676.03
C05160,P042,PR032,19046.73
C05161,P024,PR039,3954.34
C05162,P085,PR008,22203.03
C05163,P100,PR011,8437.5
C05164,P084,PR023,5702.87
C05165,P013,PR001,24392.74
C05166,P022,PR017,22600.34
C05167,P078,PR050,19522.1
C05168,P015,PR038,13525.33
C05169,P041,PR019,8542.63
C05170,P036,PR011,7303.66
C05171,P077,PR047,20996.18
C05172,P077,PR025,9938.65
C05173,P026,PR041,8685.51
C05174,P093,PR005,15645.44
C05175,P057,PR002,11685.09
C05176,P040,PR005,13749.31
C05177,P036,PR041,13139.03
C05178,P027,PR030,11227.04
C05179,P030,PR043,24666.0
C05180,P058,PR001,10706.69
C05181,P038,PR050,23342.29
C05182,P036,PR004,967.54
C05183,P055,PR018,6085.35
C05184,P088,PR029,8794.3
C05185,P053,PR019,13029.97
C05186,P001,PR018,4684.04
C05187,P001,PR043,1823.38
C05188,P084,PR011,18389.15
C05189,P075,PR040,2644.37
C05190,P036,PR026,15575.51
C05191,P042,PR008,2318.72
C05192,P082,PR008,3860.97
C05193,P047,PR005,2568.2
C05194,P071,PR039,15391.11
C05195,P041,PR050,16096.57
C05196,P076,PR039,22776.49
C05197,P005,PR014,5619.37
C05198,P018,PR005,3177.21
C05199,P015,PR016,3535.22
C05200,P062,PR017,9930.88
C05201,P046,PR041,20698.18
C05202,P013,PR022,17954.62
C05203,P001,PR014,17976.61
C05204,P025,PR017,13089.11
C05205,P012,PR044,11948.66
C05206,P003,PR045,3730.96
C05207,P052,PR047,24431.68
C05208,P035,PR043,14959.2
C05209,P015,PR015,7403.88
C05210,P092,PR049,15203.77
C05211,P041,PR002,23219.28
C05212,P021,PR013,16748.52
C05213,P083,PR044,4443.62
C05214,P019,PR030,20506.88
C05215,P017,PR023,2926.56
C05216,P006,PR041,21261.81
C05217,P007,PR044,15158.69
C05218,P020,PR037,9113.05
C05219,P050,PR006,22298.96
C05220,P041,PR042,9131.45
C05221,P007,PR018,21851.78
C05222,P069,PR032,6727.86
C05223,P069,PR049,2088.05
C05224,P044,PR009,5787.72
C05225,P082,PR028,17828.38
C05226,P079,PR050,13485.27
C05227,P032,PR017,11835.72
C05228,P072,PR025,17109.22
C05229,P032,PR002,6245.33
C05230,P075,PR027,10424.88
C05231,P085,PR003,2607.0
C05232,P001,PR017,9755.12
C05233,P015,PR024,4927.72
C05234,P009,PR033,20152.94
C05235,P079,PR040,3448.8
C05236,P025,PR045,16685.53
C05237,P008,PR007,21538.21
C05238,P070,PR039,13455.46
C05239,P047,PR007,12032.21
C05240,P096,PR022,22502.45
C05241,P003,PR029,603.05
C05242,P001,PR004,14135.93
C05243,P072,PR004,20682.31
C05244,P076,PR044,6724.97
C05245,P022,PR048,14607.83
C05246,P007,PR027,13595.32
C05247,P066,PR020,17890.29
C05248,P077,PR036,23804.56
C05249,P094,PR013,555.74
C05250,P050,PR036,9867.97
C05251,P086,PR034,1256.18
C05252,P079,PR044,14904.96
C05253,P067,PR028,9250.07
C05254,P003,PR013,9206.63
C05255,P002,PR049,3239.5
C05256,P085,PR025,14560.86
C05257,P063,PR025,2462.91
C05258,P003,PR040,22377.53
C05259,P013,PR020,830.03
C05260,P020,PR001,13939.76
C05261,P071,PR043,20498.47
C05262,P081,PR006,4030.6
C05263,P100,PR041,18846.79
C05264,P061,PR045,15349.17
C05265,P031,PR022,4301.11
C05266,P039,PR046,16187.93
C05267,P017,PR016,21812.26
C05268,P044,PR005,21189.62
C05269,P061,PR019,2884.07
C05270,P056,PR015,19533.8
C05271,P029,PR030,5595.49
C05272,P095,PR025,15062.16
C05273,P077,PR032,22606.98
C05274,P098,PR006,3247.96
C05275,P072,PR049,23784.16
C05276,P048,PR001,4410.38
C05277,P074,PR004,2597.75
C05278,P087,PR042,16788.52
C05279,P005,PR029,19206.58
C05280,P093,PR034,23971.33
C05281,P038,PR013,23251.16
C05282,P027,PR037,9318.35
C05283,P083,PR032,14438.45
C05284,P045,PR007,13120.37
C05285,P013,PR027,10512.87
C05286,P004,PR013,23486.09
C05287,P012,PR035,13991.2
C05288,P056,PR008,15781.34
C05289,P091,PR005,6408.61
C05290,P086,PR038,17241.29
C05291,P023,PR004,3379.71
C05292,P029,PR037,2660.23
C05293,P072,PR013,21003.43
C05294,P091,PR014,7205.06
C05295,P078,PR044,10767.35
C05296,P077,PR017,20890.78
C05297,P052,PR021,111.59
C05298,P051,PR008,20374.36
C05299,P005,PR047,6228.46
C05300,P023,PR018,7476.82
C05301,P095,PR043,3260.2
C05302,P066,PR024,3723.54
C05303,P059,PR046,24722.43
C05304,P045,PR031,24730.52
C05305,P092,PR015,15821.96
C05306,P087,PR017,20221.76
C05307,P041,PR032,569.22
C05308,P079,PR030,10111.6
C05309,P020,PR028,13650.09
C05310,P044,PR050,4196.45
C05311,P066,PR047,14754.29
C05312,P053,PR006,16215.94
C05313,P100,PR014,181.1
C05314,P013,PR009,2763.64
C05315,P024,PR035,10364.16
C05316,P033,PR004,16889.95
C05317,P034,PR004,4636.71
C05318,P081,PR024,20321.39
C05319,P065,PR044,3986.4
C05320,P062,PR049,8468.76
C05321,P083,PR044,1452.9
C05322,P010,PR043,16550.71
C05323,P047,PR038,7310.78
C05324,P038,PR029,5464.07
C05325,P009,PR043,15531.33
C05326,P018,PR014,12107.79
C05327,P036,PR019,22815.77
C05328,P075,PR042,15473.51
C05329,P066,PR008,4648.76
C05330,P039,PR010,18038.21
C05331,P002,PR017,21112.16
C05332,P051,PR028,8650.48
C05333,P050,PR009,17498.56
C05334,P026,PR029,1489.55
C05335,P037,PR017,6518.36
C05336,P086,PR037,18979.87
C05337,P049,PR030,5855.31
C05338,P091,PR015,6371.63
C05339,P017,PR036,18527.48
C05340,P044,PR003,22080.68
C05341,P002,PR032,3038.44
C05342,P019,PR003,15690.99
C05343,P036,PR048,20276.68
C05344,P099,PR001,13047.87
C05345,P080,PR040,15283.24
C05346,P028,PR044,20743.39
C05347,P075,PR008,18336.04
C05348,P089,PR028,12726.45
C05349,P028,PR006,16988.79
C05350,P078,PR029,15333.57
C05351,P057,PR050,1974.97
C05352,P003,PR033,20336.29
C05353,P028,PR007,971.16
C05354,P001,PR012,12225.97
C05355,P062,PR017,16921.76
C05356,P061,PR039,7691.58
C05357,P090,PR039,7460.6
C05358,P091,PR047,24745.97
C05359,P073,PR026,9149.06
C05360,P033,PR015,20039.58
C05361,P099,PR021,8790.09
C05362,P089,PR046,483.38
C05363,P049,PR024,6776.61
C05364,P050,PR015,24463.67
C05365,P031,PR048,23632.57
C05366,P056,PR011,2408.15
C05367,P073,PR008,23156.96
C05368,P057,PR012,3253.75
C05369,P085,PR022,4869.17
C05370,P039,PR005,5384.07
C05371,P078,PR004,4552.65
C05372,P041,PR017,15592.05
C05373,P043,PR043,19603.15
C05374,P044,PR024,1866.36
C05375,P075,PR024,6903.46
C05376,P073,PR012,8046.81
C05377,P031,PR005,7492.65
C05378,P014,PR032,21870.28
C05379,P046,PR013,14091.49
C05380,P026,PR015,16388.36
C05381,P090,PR012,5996.37
C05382,P027,PR003,20426.72
C05383,P088,PR041,4905.96
C05384,P083,PR039,9074.03
C05385,P026,PR045,24955.61
C05386,P065,PR010,4772.19
C05387,P087,PR047,19053.56
C05388,P004,PR018,2045.77
C05389,P091,PR036,17710.61
C05390,P074,PR023,13223.53
C05391,P001,PR046,24118.81
C05392,P099,PR001,18872.11
C05393,P036,PR012,13438.41
C05394,P055,PR013,20722.28
C05395,P051,PR033,7814.74
C05396,P078,PR003,19949.68
C05397,P053,PR027,4442.85
C05398,P078,PR033,6995.24
C05399,P089,PR047,3312.93
C05400,P004,PR017,23469.95
C05401,P098,PR030,5479.25
C05402,P052,PR017,2490.45
C05403,P024,PR049,8251.48
C05404,P003,PR012,14223.85
C05405,P030,PR008,17548.13
C05406,P048,PR008,2027.12
C05407,P041,PR002,4777.89
C05408,P093,PR023,12825.71
C05409,P050,PR019,6729.33
C05410,P019,PR046,1023.05
C05411,P052,PR031,24480.04
C05412,P001,PR035,4956.52
C05413,P066,PR044,7003.05
C05414,P019,PR012,11923.18
C05415,P016,PR038,3171.89
C05416,P082,PR036,8315.01
C05417,P040,PR028,20851.31
C05418,P054,PR042,4261.71
C05419,P070,PR029,17870.09
C05420,P032,PR043,644.43
C05421,P050,PR002,18201.3
C05422,P022,PR044,3327.99
C05423,P058,PR041,14847.08
C05424,P028,PR047,18228.19
C05425,P095,PR019,19848.0
C05426,P071,PR050,4671.02
C05427,P026,PR050,18780.37
C05428,P023,PR049,4332.33
C05429,P068,PR005,614.72
C05430,P067,PR025,6635.44
C05431,P004,PR012,7454.54
C05432,P099,PR018,15620.31
C05433,P073,PR005,8947.1
C05434,P068,PR043,9279.53
C05435,P015,PR029,16074.85
C05436,P060,PR048,8747.57
C05437,P053,PR045,1794.66
C05438,P083,PR003,8269.23
C05439,P073,PR046,3976.12
C05440,P029,PR046,3228.52
C05441,P001,PR033,14492.98
C05442,P095,PR040,18265.68
C05443,P004,PR043,24569.91
C05444,P055,PR011,12445.22
C05445,P078,PR007,23233.1
C05446,P049,PR014,17175.93
C05447,P010,PR027,9547.72
C05448,P037,PR031,22203.28
C05449,P060,PR041,9547.39
C05450,P099,PR045,13460.3
C05451,P073,PR042,3106.57
C05452,P006,PR032,5925.78
C05453,P027,PR008,9452.93
C05454,P080,PR007,9993.09
C05455,P053,PR013,18236.59
C05456,P007,PR005,18682.72
C05457,P055,PR003,9354.09
C05458,P022,PR006,15818.36
C05459,P081,PR034,23802.95
C05460,P089,PR009,3876.65
C05461,P020,PR025,15510.24
C05462,P090,PR031,11580.14
C05463,P073,PR024,20916.29
C05464,P007,PR031,9549.44
C05465,P050,PR041,9456.31
C05466,P083,PR007,23066.83
C05467,P010,PR031,17656.29
C05468,P006,PR039,17665.64
C05469,P014,PR047,6987.72
C05470,P091,PR012,733.27
C05471,P062,PR003,24402.38
C05472,P097,PR014,17697.44
C05473,P004,PR035,24208.15
C05474,P044,PR032,7396.26
C05475,P065,PR024,4308.42
C05476,P041,PR022,10056.28
C05477,P006,PR036,299.76
C05478,P090,PR032,12829.22
C05479,P038,PR014,9934.78
C05480,P044,PR027,14556.12
C05481,P071,PR050,3413.13
C05482,P069,PR034,20376.21
C05483,P018,PR024,2030.26
C05484,P083,PR038,14040.93
C05485,P055,PR030,24118.43
C05486,P058,PR036,13814.15
C05487,P069,PR041,2145.92
C05488,P073,PR001,155.24
C05489,P027,PR008,8210.25
C05490,P072,PR042,20492.37
C05491,P066,PR023,20810.94
C05492,P038,PR048,1889.66
C05493,P048,PR010,16520.96
C05494,P007,PR005,11738.47
C05495,P066,PR017,8804.07
C05496,P027,PR012,19863.36
C05497,P020,PR030,11002.18
C05498,P001,PR021,18312.73
C05499,P049,PR027,17888.8
C05500,P012,PR029,10228.79
C05501,P054,PR034,1262.91
C05502,P078,PR013,24683.34
C05503,P073,PR040,3945.56
C05504,P005,PR027,1568.15
C05505,P017,PR046,14696.75
C05506,P062,PR018,10644.46
C05507,P058,PR004,10084.3
C05508,P074,PR005,13964.98
C05509,P055,PR021,3891.97
C05510,P038,PR019,6624.93
C05511,P001,PR009,23822.08
C05512,P037,PR006,21890.79
C05513,P045,PR021,24225.72
C05514,P095,PR007,1243.02
C05515,P060,PR033,10170.89
C05516,P091,PR013,21512.14
C05517,P062,PR009,21835.84
C05518,P023,PR002,8528.01
C05519,P086,PR025,8094.68
C05520,P046,PR025,14954.48
C05521,P034,PR039,21049.4
C05522,P060,PR040,9661.2
C05523,P038,PR024,5859.87
C05524,P078,PR025,15293.64
C05525,P081,PR017,2297.79
C05526,P067,PR033,6237.06
C05527,P095,PR034,19553.28
C05528,P036,PR032,19789.45
C05529,P086,PR008,9341.5
C05530,P092,PR045,226.89
C05531,P045,PR038,9433.26
C05532,P082,PR009,21364.76
C05533,P007,PR048,17260.6
C05534,P078,PR039,2488.28
C05535,P097,PR017,9626.4
C05536,P074,PR017,24157.43
C05537,P082,PR046,13577.33
C05538,P045,PR027,6278.46
C05539,P079,PR014,13943.85
C05540,P025,PR043,24889.98
C05541,P031,PR044,21720.39
C05542,P052,PR006,4489.4
C05543,P072,PR001,18629.66
C05544,P082,PR010,11463.98
C05545,P033,PR005,19969.99
C05546,P029,PR037,6917.94
C05547,P012,PR047,13826.15
C05548,P054,PR046,14057.14
C05549,P033,PR050,5861.35
C05550,P093,PR006,457.41
C05551,P020,PR004,15818.26
C05552,P025,PR044,20006.87
C05553,P014,PR016,21977.17
C05554,P083,PR006,7070.53
C05555,P077,PR035,11691.14
C05556,P069,PR045,14613.66
C05557,P078,PR009,18985.22
C05558,P044,PR044,7778.63
C05559,P017,PR007,3467.85
C05560,P093,PR046,24972.67
C05561,P085,PR019,12881.72
C05562,P029,PR028,16464.89
C05563,P023,PR040,15163.11
C05564,P053,PR012,12067.85
C05565,P097,PR006,22551.3
C05566,P053,PR007,23058.16
C05567,P081,PR048,7146.09
C05568,P087,PR014,21143.61
C05569,P075,PR003,15594.68
C05570,P072,PR026,8215.57
C05571,P063,PR033,6070.21
C05572,P060,PR022,18490.61
C05573,P075,PR014,17838.48
C05574,P023,PR038,3421.71
C05575,P015,PR028,23892.73
C05576,P008,PR007,11898.32
C05577,P022,PR025,6720.36
C05578,P051,PR001,10234.8
C05579,P062,PR050,17275.87
C05580,P046,PR016,17289.91
C05581,P063,PR034,7720.0
C05582,P016,PR011,11802.07
C05583,P033,PR006,2545.97
C05584,P041,PR002,2161.69
C05585,P005,PR036,24058.24
C05586,P071,PR006,10310.51
C05587,P014,PR021,11542.95
C05588,P062,PR007,14641.21
C05589,P065,PR022,2323.01
C05590,P028,PR035,16934.68
C05591,P073,PR025,19687.82
C05592,P023,PR036,8979.2
C05593,P007,PR030,1902.73
C05594,P085,PR015,22478.51
C05595,P034,PR001,10981.77
C05596,P066,PR042,12941.98
C05597,P043,PR023,11949.36
C05598,P008,PR015,23519.33
C05599,P024,PR018,19908.78
C05600,P011,PR046,17651.97
C05601,P038,PR027,13957.14
C05602,P030,PR001,22563.63
C05603,P082,PR034,4863.26
C05604,P076,PR011,3095.2
C05605,P003,PR030,18021.18
C05606,P072,PR005,19602.48
C05607,P007,PR015,14595.23
C05608,P100,PR001,2035.91
C05609,P009,PR034,18467.64
C05610,P065,PR050,24010.32
C05611,P059,PR024,24503.21
C05612,P092,PR046,19670.31
C05613,P033,PR037,12950.2
C05614,P099,PR011,20302.79
C05615,P035,PR006,16939.87
C05616,P001,PR048,20860.41
C05617,P052,PR041,1370.97
C05618,P060,PR042,11231.18
C05619,P006,PR004,23284.93
C05620,P020,PR044,724.43
C05621,P014,PR044,18817.1
C05622,P099,PR049,9828.22
C05623,P011,PR018,18438.8
C05624,P090,PR029,15737.46
C05625,P081,PR032,696.88
C05626,P081,PR009,6106.99
C05627,P037,PR050,3570.82
C05628,P096,PR026,12345.61
C05629,P031,PR030,4385.91
C05630,P005,PR036,20651.64
C05631,P013,PR050,11819.29
C05632,P018,PR024,12795.59
C05633,P046,PR023,5415.27
C05634,P099,PR011,8434.55
C05635,P058,PR010,6545.4
C05636,P001,PR044,19210.53
C05637,P096,PR008,20572.14
C05638,P035,PR029,24753.37
C05639,P077,PR006,116.92
C05640,P074,PR023,19610.97
C05641,P022,PR024,22012.32
C05642,P058,PR028,3434.18
C05643,P041,PR032,9801.71
C05644,P013,PR047,24445.07
C05645,P092,PR023,10391.21
C05646,P035,PR035,23764.46
C05647,P041,PR001,8757.7
C05648,P003,PR007,4040.19
C05649,P073,PR003,3220.75
C05650,P054,PR035,18578.33
C05651,P020,PR028,9141.45
C05652,P067,PR020,18218.3
C05653,P023,PR049,6582.26
C05654,P041,PR026,9371.67
C05655,P084,PR004,17037.44
C05656,P042,PR028,21972.29
C05657,P088,PR008,17542.07
C05658,P024,PR031,22076.96
C05659,P096,PR002,23409.25
C05660,P078,PR007,8833.84
C05661,P044,PR010,4235.6
C05662,P022,PR020,12413.18
C05663,P060,PR010,22835.36
C05664,P080,PR003,8671.31
C05665,P095,PR022,20349.56
C05666,P006,PR007,18802.87
C05667,P052,PR027,12479.49
C05668,P060,PR046,20860.8
C05669,P081,PR014,24531.94
C05670,P014,PR003,13321.6
C05671,P062,PR017,14918.28
C05672,P068,PR046,13530.78
C05673,P050,PR035,12897.95
C05674,P098,PR007,13761.64
C05675,P051,PR019,21187.37
C05676,P084,PR023,10604.91
C05677,P087,PR003,6461.11
C05678,P016,PR022,12755.41
C05679,P044,PR004,14692.7
C05680,P048,PR021,14341.42
C05681,P036,PR050,21142.03
C05682,P099,PR017,4444.56
C05683,P040,PR012,118.64
C05684,P089,PR011,17034.04
C05685,P036,PR041,22821.11
C05686,P013,PR037,12386.3
C05687,P020,PR012,692.16
C05688,P008,PR039,24089.96
C05689,P064,PR012,9325.74
C05690,P072,PR014,772.78
C05691,P070,PR035,6926.86
C05692,P089,PR015,12194.28
C05693,P069,PR003,24627.78
C05694,P012,PR021,11296.57
C05695,P031,PR028,24586.43
C05696,P003,PR009,17879.13
C05697,P025,PR011,6801.75
C05698,P048,PR030,7131.49
C05699,P038,PR042,24458.65
C05700,P019,PR032,19095.32
C05701,P057,PR049,8731.96
C05702,P097,PR012,20864.37
C05703,P067,PR043,22010.46
C05704,P056,PR010,10430.76
C05705,P037,PR041,14093.94
C05706,P021,PR032,23020.96
C05707,P055,PR004,4702.6
C05708,P017,PR023,18432.55
C05709,P015,PR026,10554.17
C05710,P037,PR038,8481.93
C05711,P023,PR026,6677.77
C05712,P053,PR015,5524.84
C05713,P075,PR016,3321.23
C05714,P009,PR039,8786.84
C05715,P054,PR032,4812.41
C05716,P072,PR020,16547.77
C05717,P088,PR015,12979.8
C05718,P046,PR006,4741.22
C05719,P017,PR028,4059.71
C05720,P076,PR032,11557.06
C05721,P014,PR029,4444.99
C05722,P100,PR036,7939.11
C05723,P069,PR044,19281.1
C05724,P025,PR008,17056.36
C05725,P064,PR050,16776.45
C05726,P031,PR050,22862.61
C05727,P002,PR019,8003.76
C05728,P084,PR020,20747.46
C05729,P025,PR012,11875.14
C05730,P045,PR050,5518.1
C05731,P023,PR031,10371.02
C05732,P056,PR047,22379.95
C05733,P009,PR028,1145.2
C05734,P079,PR009,18662.11
C05735,P016,PR020,7618.44
C05736,P056,PR027,7263.29
C05737,P091,PR049,22314.28
C05738,P064,PR046,21508.04
C05739,P034,PR040,16317.89
C05740,P051,PR003,7595.47
C05741,P039,PR020,4272.2
C05742,P099,PR043,9552.44
C05743,P011,PR036,14582.74
C05744,P066,PR012,10886.81
C05745,P007,PR039,13927.04
C05746,P023,PR030,13053.04
C05747,P007,PR020,19643.57
C05748,P016,PR039,2142.74
C05749,P050,PR046,2150.57
C05750,P048,PR015,10530.82
C05751,P011,PR043,21117.57
C05752,P049,PR023,17495.78
C05753,P011,PR034,18366.17
C05754,P029,PR028,1929.0
C05755,P072,PR003,4682.29
C05756,P027,PR027,2637.96
C05757,P028,PR014,20964.57
C05758,P069,PR030,13248.99
C05759,P031,PR023,1062.07
C05760,P098,PR030,13866.89
C05761,P005,PR019,19575.88
C05762,P071,PR044,20798.66
C05763,P041,PR049,18011.8
C05764,P036,PR020,553.93
C05765,P044,PR023,12536.02
C05766,P091,PR021,22114.71
C05767,P029,PR021,5125.7
C05768,P043,PR038,9430.35
C05769,P021,PR016,12265.27
C05770,P053,PR037,8148.24
C05771,P098,PR047,8068.54
C05772,P020,PR030,10464.18
C05773,P071,PR004,14291.15
C05774,P018,PR023,10846.53
C05775,P034,PR046,16926.21
C05776,P029,PR002,19837.86
C05777,P024,PR040,18031.18
C05778,P031,PR032,18329.4
C05779,P082,PR009,13725.74
C05780,P093,PR011,16300.37
C05781,P019,PR002,19383.12
C05782,P005,PR031,3699.76
C05783,P097,PR028,6126.52
C05784,P059,PR042,19983.91
C05785,P089,PR017,9463.48
C05786,P017,PR049,3734.95
C05787,P063,PR044,22061.53
C05788,P090,PR040,16599.93
C05789,P068,PR032,3838.93
C05790,P057,PR043,14071.61
C05791,P009,PR009,17650.64
C05792,P043,PR038,824.07
C05793,P078,PR028,9561.26
C05794,P001,PR034,9327.69
C05795,P040,PR039,8249.16
C05796,P071,PR003,14926.51
C05797,P029,PR010,17057.13
C05798,P002,PR016,11088.24
C05799,P010,PR004,9146.42
C05800,P030,PR040,8936.6
C05801,P094,PR041,16796.14
C05802,P058,PR049,13165.99
C05803,P040,PR031,11727.26
C05804,P020,PR023,21175.55
C05805,P008,PR011,9908.28
C05806,P049,PR026,15753.53
C05807,P046,PR025,22424.89
C05808,P066,PR001,20788.4
C05809,P074,PR008,10607.4
C05810,P033,PR003,9540.94
C05811,P037,PR004,10635.41
C05812,P035,PR002,6555.76
C05813,P024,PR044,19190.35
C05814,P028,PR048,9080.82
C05815,P011,PR028,7404.16
C05816,P030,PR001,6271.23
C05817,P091,PR029,2840.45
C05818,P043,PR038,24607.74
C05819,P068,PR012,15369.55
C05820,P008,PR043,13820.41
C05821,P032,PR035,19096.25
C05822,P039,PR048,4683.1
C05823,P036,PR039,13162.8
C05824,P094,PR023,21889.38
C05825,P025,PR002,9168.82
C05826,P003,PR021,13053.01
C05827,P079,PR027,5500.84
C05828,P050,PR017,17131.25
C05829,P011,PR024,9724.75
C05830,P055,PR005,5455.62
C05831,P089,PR015,4705.42
C05832,P025,PR001,13968.47
C05833,P068,PR003,1643.13
C05834,P061,PR028,5485.17
C05835,P063,PR022,4425.61
C05836,P075,PR042,4933.26
C05837,P044,PR006,3524.29
C05838,P004,PR048,2366.64
C05839,P080,PR023,24536.39
C05840,P089,PR013,23976.71
C05841,P031,PR049,338.49
C05842,P067,PR010,5337.69
C05843,P098,PR045,10344.63
C05844,P023,PR003,8558.5
C05845,P099,PR015,14541.65
C05846,P083,PR037,4169.04
C05847,P008,PR041,22121.42
C05848,P073,PR030,20683.78
C05849,P052,PR039,21596.33
C05850,P006,PR046,6822.75
C05851,P075,PR046,2624.59
C05852,P074,PR034,9902.7
C05853,P096,PR020,10552.7
C05854,P064,PR040,11670.26
C05855,P041,PR046,9551.05
C05856,P004,PR015,19667.31
C05857,P063,PR032,8680.99
C05858,P031,PR040,4906.2
C05859,P024,PR046,10275.31
C05860,P020,PR034,15793.41
C05861,P089,PR032,19402.19
C05862,P078,PR027,23583.64
C05863,P040,PR015,13209.36
C05864,P057,PR012,9939.35
C05865,P053,PR003,11880.86
C05866,P011,PR014,3198.22
C05867,P049,PR016,16064.37
C05868,P099,PR012,11525.38
C05869,P034,PR036,13077.72
C05870,P034,PR033,8512.81
C05871,P032,PR013,24999.75
C05872,P012,PR038,14394.91
C05873,P051,PR047,1052.49
C05874,P020,PR016,10114.16
C05875,P035,PR049,13325.07
C05876,P038,PR048,17716.19
C05877,P057,PR013,7575.82
C05878,P095,PR034,15166.0
C05879,P050,PR034,10346.85
C05880,P087,PR030,3246.81
C05881,P077,PR028,16617.39
C05882,P093,PR036,9807.76
C05883,P085,PR029,7597.98
C05884,P060,PR020,5756.08
C05885,P053,PR049,4540.26
C05886,P033,PR005,12954.58
C05887,P086,PR042,17001.55
C05888,P059,PR028,18235.72
C05889,P038,PR028,12139.84
C05890,P093,PR008,23164.01
C05891,P081,PR028,21617.84
C05892,P021,PR022,23938.98
C05893,P095,PR018,22007.53
C05894,P079,PR028,12171.17
C05895,P075,PR029,4729.89
C05896,P090,PR011,9727.28
C05897,P067,PR039,22735.09
C05898,P004,PR050,24998.85
C05899,P092,PR032,6362.14
C05900,P065,PR001,7453.79
C05901,P052,PR008,17785.55
C05902,P038,PR037,21810.72
C05903,P092,PR047,24381.79
C05904,P077,PR002,13463.63
C05905,P037,PR003,14739.01
C05906,P040,PR021,20434.29
C05907,P097,PR014,8248.87
C05908,P002,PR027,8286.31
C05909,P065,PR023,7856.49
C05910,P032,PR025,8150.04
C05911,P066,PR009,2012.31
C05912,P045,PR032,7920.62
C05913,P021,PR041,1994.85
C05914,P019,PR046,15878.78
C05915,P074,PR038,3262.77
C05916,P089,PR032,16299.07
C05917,P019,PR032,18260.42
C05918,P027,PR015,23073.88
C05919,P015,PR047,3318.25
C05920,P072,PR005,21912.81
C05921,P032,PR034,13080.43
C05922,P023,PR007,10756.02
C05923,P040,PR019,16731.55
C05924,P037,PR006,11902.52
C05925,P081,PR011,22822.53
C05926,P071,PR023,19528.4
C05927,P048,PR046,20242.33
C05928,P066,PR050,9799.48
C05929,P079,PR027,20786.08
C05930,P053,PR029,23053.37
C05931,P019,PR040,9108.56
C05932,P061,PR009,22397.69
C05933,P034,PR014,9728.47
C05934,P086,PR010,23343.91
C05935,P090,PR046,7098.4
C05936,P094,PR039,21219.14
C05937,P003,PR016,20306.21
C05938,P023,PR038,17439.27
C05939,P077,PR041,6120.8
C05940,P060,PR043,24612.52
C05941,P090,PR031,4488.87
C05942,P076,PR033,19804.74
C05943,P086,PR007,6281.01
C05944,P076,PR013,9161.78
C05945,P100,PR039,23150.69
C05946,P052,PR022,21715.14
C05947,P018,PR019,23377.45
C05948,P009,PR038,10648.33
C05949,P065,PR011,13278.11
C05950,P077,PR034,5732.32
C05951,P091,PR047,15544.78
C05952,P078,PR029,4490.87
C05953,P072,PR046,22603.97
C05954,P068,PR030,6029.37
C05955,P062,PR011,9587.81
C05956,P039,PR041,22891.45
C05957,P074,PR031,23752.81
C05958,P033,PR040,22358.18
C05959,P033,PR021,22678.16
C05960,P092,PR034,23960.92
C05961,P065,PR014,21975.08
C05962,P001,PR026,2438.97
C05963,P069,PR032,2651.13
C05964,P046,PR007,17147.31
C05965,P067,PR023,7241.76
C05966,P081,PR031,15520.57
C05967,P024,PR010,6049.21
C05968,P070,PR029,3627.94
C05969,P074,PR028,13164.56
C05970,P032,PR005,3498.08
C05971,P056,PR024,1415.55
C05972,P018,PR049,4450.71
C05973,P067,PR042,20859.31
C05974,P027,PR027,22140.16
C05975,P050,PR038,9874.56
C05976,P074,PR035,4664.32
C05977,P027,PR025,10652.7
C05978,P089,PR022,21987.39
C05979,P029,PR045,13519.54
C05980,P064,PR021,15127.21
C05981,P054,PR011,16976.35
C05982,P084,PR047,14436.79
C05983,P014,PR013,9705.47
C05984,P078,PR001,5143.44
C05985,P008,PR050,4893.7
C05986,P064,PR008,10565.44
C05987,P026,PR045,8000.13
C05988,P085,PR033,8939.84
C05989,P059,PR031,16176.93
C05990,P048,PR044,15368.87
C05991,P020,PR029,293.03
C05992,P099,PR024,8574.28
C05993,P025,PR038,1100.11
C05994,P015,PR025,3228.22
C05995,P072,PR021,21433.18
C05996,P004,PR030,3723.18
C05997,P083,PR034,3517.92
C05998,P090,PR024,23747.91
C05999,P021,PR012,8958.62
C06000,P023,PR046,18736.54
C06001,P085,PR044,13463.88
C06002,P063,PR023,2451.08
C06003,P056,PR020,22623.8
C06004,P051,PR013,12764.77
C06005,P032,PR047,21303.97
C06006,P066,PR030,12495.33
C06007,P007,PR030,6728.91
C06008,P011,PR001,10745.61
C06009,P052,PR003,1093.39
C06010,P036,PR008,18633.76
C06011,P061,PR040,20840.07
C06012,P036,PR015,16411.86
C06013,P071,PR010,20259.58
C06014,P067,PR030,1741.16
C06015,P063,PR002,11103.1
C06016,P070,PR027,10194.76
C06017,P066,PR031,24027.64
C06018,P061,PR028,19551.92
C06019,P001,PR026,1978.99
C06020,P007,PR011,12881.55
C06021,P015,PR044,83.67
C06022,P091,PR034,11505.5
C06023,P024,PR018,15860.43
C06024,P070,PR043,14076.78
C06025,P075,PR001,12040.58
C06026,P071,PR023,13524.9
C06027,P016,PR027,18448.88
C06028,P069,PR037,12880.78
C06029,P087,PR036,10510.63
C06030,P075,PR025,18027.25
C06031,P079,PR008,8765.56
C06032,P034,PR029,12659.3
C06033,P065,PR030,15708.47
C06034,P077,PR019,5284.2
C06035,P054,PR045,23695.22
C06036,P098,PR017,2512.49
C06037,P100,PR032,1750.34
C06038,P047,PR035,7329.75
C06039,P053,PR031,13243.65
C06040,P072,PR020,9721.51
C06041,P010,PR030,13032.81
C06042,P008,PR044,13513.41
C06043,P028,PR025,6426.83
C06044,P002,PR024,20305.81
C06045,P057,PR027,7479.59
C06046,P042,PR023,4299.48
C06047,P039,PR037,12138.36
C06048,P022,PR002,10730.78
C06049,P072,PR047,22005.75
C06050,P044,PR007,19688.08
C06051,P043,PR037,5917.68
C06052,P014,PR042,362.35
C06053,P033,PR050,13325.51
C06054,P084,PR026,23637.24
C06055,P002,PR022,6690.57
C06056,P016,PR019,7999.55
C06057,P100,PR022,23109.73
C06058,P034,PR033,15460.72
C06059,P055,PR031,18633.69
C06060,P012,PR014,20244.68
C06061,P023,PR037,18518.52
C06062,P052,PR021,3358.01
C06063,P065,PR015,22252.96
C06064,P017,PR005,667.26
C06065,P015,PR049,18129.6
C06066,P061,PR012,20709.91
C06067,P076,PR042,23452.23
C06068,P059,PR017,12520.61
C06069,P096,PR037,19241.34
C06070,P016,PR044,172.63
C06071,P018,PR015,11627.38
C06072,P032,PR045,1722.33
C06073,P040,PR011,20993.61
C06074,P049,PR010,21580.74
C06075,P046,PR028,7238.27
C06076,P056,PR006,1612.51
C06077,P100,PR031,20557.32
C06078,P070,PR033,21916.31
C06079,P077,PR028,13190.71
C06080,P098,PR023,3666.5
C06081,P090,PR026,18964.15
C06082,P016,PR019,18087.37
C06083,P067,PR004,18361.91
C06084,P024,PR041,5319.3
C06085,P080,PR002,22910.32
C06086,P036,PR025,10350.66
C06087,P053,PR028,24587.17
C06088,P084,PR037,20891.36
C06089,P089,PR027,9078.57
C06090,P079,PR028,8665.54
C06091,P018,PR014,3394.39
C06092,P100,PR047,18173.83
C06093,P036,PR012,8764.99
C06094,P002,PR043,10600.59
C06095,P076,PR026,8433.01
C06096,P035,PR005,1862.66
C06097,P051,PR018,9232.13
C06098,P017,PR036,1632.75
C06099,P006,PR005,6854.99
C06100,P051,PR040,23356.85
C06101,P090,PR013,3073.6
C06102,P094,PR001,9652.41
C06103,P084,PR006,19366.6
C06104,P026,PR024,4174.46
C06105,P093,PR021,8225.07
C06106,P021,PR042,18752.22
C06107,P039,PR036,12902.95
C06108,P003,PR015,2013.97
C06109,P100,PR049,12120.45
C06110,P045,PR030,8429.47
C06111,P008,PR007,16169.28
C06112,P092,PR027,3430.88
C06113,P037,PR003,23463.55
C06114,P069,PR026,14463.2
C06115,P034,PR042,23125.93
C06116,P033,PR028,15011.5
C06117,P084,PR044,368.33
C06118,P011,PR031,22715.96
C06119,P038,PR022,7725.98
C06120,P070,PR032,16245.41
C06121,P078,PR034,24213.4
C06122,P078,PR039,8269.46
C06123,P009,PR045,2111.39
C06124,P008,PR012,10678.41
C06125,P100,PR027,12416.28
C06126,P050,PR039,4468.56
C06127,P082,PR043,2660.48
C06128,P070,PR015,9353.82
C06129,P050,PR047,22579.16
C06130,P039,PR033,5447.17
C06131,P033,PR007,10730.94
C06132,P072,PR044,4031.19
C06133,P017,PR039,14213.14
C06134,P033,PR029,24018.0
C06135,P034,PR039,2509.89
C06136,P007,PR049,4213.95
C06137,P087,PR001,6672.21
C06138,P066,PR015,21643.64
C06139,P038,PR032,22033.22
C06140,P047,PR040,4835.79
C06141,P039,PR040,10786.23
C06142,P027,PR022,6038.35
C06143,P085,PR018,10423.49
C06144,P021,PR038,6851.44
C06145,P031,PR020,19224.01
C06146,P050,PR006,23938.66
C06147,P065,PR038,20353.79
C06148,P095,PR039,3369.81
C06149,P045,PR019,2908.96
C06150,P051,PR022,21839.54
C06151,P021,PR011,3134.73
C06152,P016,PR035,4016.29
C06153,P043,PR017,16607.64
C06154,P023,PR050,9769.22
C06155,P096,PR043,198.09
C06156,P003,PR042,18888.36
C06157,P060,PR007,2774.77
C06158,P039,PR035,23177.54
C06159,P033,PR015,4429.59
C06160,P020,PR042,7726.81
C06161,P087,PR045,4857.77
C06162,P087,PR011,12050.9
C06163,P098,PR027,21139.55
C06164,P024,PR028,2475.41
C06165,P100,PR037,6499.47
C06166,P042,PR028,6580.63
C06167,P095,PR006,10116.34
C06168,P076,PR012,18128.44
C06169,P041,PR002,17287.3
C06170,P093,PR009,2679.05
C06171,P026,PR035,1620.87
C06172,P015,PR005,705.02
C06173,P078,PR027,24531.5
C06174,P019,PR021,15812.47
C06175,P048,PR029,9094.54
C06176,P056,PR047,13702.06
C06177,P026,PR029,24961.53
C06178,P032,PR046,16486.06
C06179,P093,PR026,3384.19
C06180,P082,PR041,4251.37
C06181,P062,PR008,8331.86
C06182,P088,PR042,436.99
C06183,P039,PR048,17281.82
C06184,P067,PR041,23147.3
C06185,P079,PR035,17732.09
C06186,P079,PR040,2406.18
C06187,P097,PR013,6290.68
C06188,P060,PR017,13672.47
C06189,P007,PR018,5919.73
C06190,P015,PR001,20732.72
C06191,P088,PR043,11910.67
C06192,P098,PR034,21787.96
C06193,P056,PR048,4632.84
C06194,P013,PR017,10726.57
C06195,P032,PR015,8377.07
C06196,P030,PR034,13005.94
C06197,P084,PR016,19039.74
C06198,P072,PR040,2729.89
C06199,P024,PR013,13148.62
C06200,P048,PR029,21802.51
C06201,P098,PR002,23786.54
C06202,P062,PR001,512.95
C06203,P097,PR040,8772.83
C06204,P045,PR008,7668.25
C06205,P086,PR017,15862.42
C06206,P002,PR033,22668.52
C06207,P003,PR035,2311.45
C06208,P039,PR033,5338.15
C06209,P017,PR024,13118.5
C06210,P095,PR015,19891.55
C06211,P085,PR030,4566.1
C06212,P006,PR043,7840.79
C06213,P078,PR025,23294.64
C06214,P002,PR005,1117.02
C06215,P024,PR020,12099.08
C06216,P005,PR037,17568.45
C06217,P016,PR007,11368.48
C06218,P082,PR005,7960.7
C06219,P008,PR010,2663.12
C06220,P093,PR039,6143.07
C06221,P074,PR020,17553.48
C06222,P025,PR038,20512.59
C06223,P032,PR048,5305.74
C06224,P001,PR047,9023.12
C06225,P070,PR039,3702.98
C06226,P061,PR046,13670.73
C06227,P053,PR021,17635.96
C06228,P035,PR032,14088.37
C06229,P055,PR033,22605.78
C06230,P021,PR006,4883.64
C06231,P020,PR001,19697.98
C06232,P008,PR028,20306.25
C06233,P086,PR016,23055.9
C06234,P085,PR028,24108.02
C06235,P061,PR007,14187.88
C06236,P049,PR017,12368.31
C06237,P027,PR021,3864.92
C06238,P092,PR043,23200.22
C06239,P064,PR047,12459.36
C06240,P075,PR021,3250.96
C06241,P072,PR005,22246.82
C06242,P087,PR032,3602.27
C06243,P088,PR018,12390.79
C06244,P046,PR041,1253.7
C06245,P062,PR043,22035.22
C06246,P057,PR022,4804.68
C06247,P003,PR037,9237.14
C06248,P077,PR008,8041.88
C06249,P078,PR047,21420.5
C06250,P086,PR048,23722.52
C06251,P076,PR047,1719.93
C06252,P006,PR003,2913.96
C06253,P036,PR022,19907.1
C06254,P008,PR030,19590.17
C06255,P080,PR010,8084.27
C06256,P056,PR026,6072.44
C06257,P046,PR012,6043.93
C06258,P079,PR028,22975.15
C06259,P066,PR042,320.32
C06260,P026,PR033,14010.79
C06261,P063,PR046,6367.85
C06262,P026,PR012,11059.4
C06263,P055,PR015,11721.03
C06264,P068,PR033,15246.96
C06265,P089,PR016,1183.71
C06266,P020,PR030,3863.34
C06267,P044,PR016,20218.94
C06268,P079,PR024,6874.06
C06269,P014,PR008,19089.32
C06270,P081,PR012,19790.36
C06271,P003,PR039,14959.14
C06272,P019,PR017,11102.16
C06273,P097,PR018,3436.41
C06274,P051,PR042,14653.47
C06275,P077,PR016,13036.34
C06276,P024,PR045,8264.81
C06277,P041,PR013,16395.64
C06278,P037,PR041,23107.09
C06279,P012,PR043,8946.74
C06280,P020,PR006,21161.08
C06281,P068,PR046,22722.93
C06282,P088,PR003,18975.68
C06283,P014,PR030,13031.35
C06284,P007,PR006,3643.32
C06285,P057,PR031,21991.96
C06286,P055,PR035,2888.84
C06287,P051,PR049,2450.61
C06288,P044,PR020,6306.47
C06289,P052,PR022,908.43
C06290,P016,PR048,6188.12
C06291,P003,PR007,11078.05
C06292,P098,PR050,1153.27
C06293,P092,PR037,4003.99
C06294,P009,PR029,17661.72
C06295,P068,PR015,2457.99
C06296,P016,PR013,23132.81
C06297,P092,PR043,5855.74
C06298,P044,PR048,420.21
C06299,P020,PR013,11590.84
C06300,P051,PR023,16828.84
C06301,P091,PR017,13384.23
C06302,P062,PR034,4031.82
C06303,P078,PR017,11127.17
C06304,P099,PR038,1321.26
C06305,P021,PR009,21001.41
C06306,P048,PR011,21795.86
C06307,P053,PR032,13334.47
C06308,P052,PR023,8473.11
C06309,P001,PR029,24289.04
C06310,P047,PR022,17745.45
C06311,P040,PR001,17251.0
C06312,P040,PR032,23082.29
C06313,P023,PR005,11533.18
C06314,P030,PR016,22073.62
C06315,P097,PR020,688.44
C06316,P049,PR003,20329.54
C06317,P082,PR045,10967.77
C06318,P040,PR050,3777.5
C06319,P092,PR040,7830.77
C06320,P033,PR006,3762.17
C06321,P081,PR006,22786.86
C06322,P032,PR010,2673.65
C06323,P082,PR002,1493.75
C06324,P015,PR004,22058.08
C06325,P078,PR007,20749.54
C06326,P081,PR039,1622.3
C06327,P074,PR050,21197.67
C06328,P091,PR032,19296.13
C06329,P008,PR016,20674.42
C06330,P064,PR019,12702.96
C06331,P032,PR009,8345.8
C06332,P090,PR007,12783.29
C06333,P032,PR031,2889.87
C06334,P027,PR005,5393.51
C06335,P013,PR046,4254.79
C06336,P033,PR010,5084.31
C06337,P064,PR016,15600.11
C06338,P073,PR005,22054.31
C06339,P089,PR046,16708.45
C06340,P018,PR039,2836.75
C06341,P011,PR007,4053.81
C06342,P067,PR050,2148.49
C06343,P016,PR040,796.84
C06344,P064,PR042,10761.12
C06345,P041,PR043,8851.4
C06346,P084,PR034,12904.6
C06347,P057,PR002,2366.41
C06348,P029,PR019,17922.06
C06349,P050,PR012,4079.31
C06350,P013,PR022,21825.56
C06351,P034,PR001,2377.44
C06352,P080,PR018,21869.39
C06353,P028,PR036,17543.75
C06354,P063,PR032,17327.9
C06355,P092,PR003,15041.53
C06356,P078,PR021,18741.45
C06357,P036,PR004,22495.92
C06358,P093,PR043,18880.44
C06359,P009,PR046,19466.74
C06360,P069,PR046,23403.5
C06361,P003,PR042,8135.82
C06362,P090,PR014,4122.01
C06363,P065,PR023,10202.17
C06364,P032,PR019,16077.29
C06365,P055,PR046,19794.49
C06366,P051,PR042,659.71
C06367,P081,PR017,21158.33
C06368,P014,PR035,2704.4
C06369,P034,PR024,3577.38
C06370,P050,PR046,15928.88
C06371,P011,PR019,16494.3
C06372,P064,PR023,5729.17
C06373,P034,PR014,14691.83
C06374,P058,PR024,12011.23
C06375,P031,PR020,4799.8
C06376,P075,PR006,11678.6
C06377,P084,PR027,20571.74
C06378,P010,PR032,24174.66
C06379,P076,PR018,8735.02
C06380,P092,PR027,9668.54
C06381,P069,PR033,8667.31
C06382,P072,PR003,11287.71
C06383,P046,PR017,21570.23
C06384,P095,PR011,20963.04
C06385,P034,PR018,19268.0
C06386,P072,PR008,3503.22
C06387,P052,PR044,6873.38
C06388,P096,PR041,2116.5
C06389,P011,PR032,18807.24
C06390,P007,PR007,22647.32
C06391,P027,PR040,11060.87
C06392,P041,PR034,22961.05
C06393,P027,PR029,18727.59
C06394,P036,PR026,1661.52
C06395,P032,PR042,2196.56
C06396,P070,PR041,21105.25
C06397,P066,PR032,10384.02
C06398,P035,PR007,18935.06
C06399,P002,PR008,6635.05
C06400,P059,PR040,15060.78
C06401,P100,PR029,16344.13
C06402,P026,PR023,1020.58
C06403,P100,PR025,11085.69
C06404,P037,PR027,8985.59
C06405,P030,PR041,7958.67
C06406,P017,PR048,5773.13
C06407,P028,PR041,18776.42
C06408,P091,PR044,23501.33
C06409,P011,PR038,11766.14
C06410,P084,PR021,5795.87
C06411,P088,PR018,12863.5
C06412,P032,PR042,20792.13
C06413,P058,PR015,13737.22
C06414,P089,PR011,22428.68
C06415,P039,PR026,4759.17
C06416,P009,PR001,23136.13
C06417,P062,PR030,23237.29
C06418,P092,PR037,16210.22
C06419,P091,PR007,14359.2
C06420,P048,PR039,6352.06
C06421,P036,PR030,14186.82
C06422,P095,PR018,2485.51
C06423,P001,PR021,12215.07
C06424,P094,PR040,6394.54
C06425,P059,PR013,16287.48
C06426,P015,PR026,2351.69
C06427,P044,PR038,16144.0
C06428,P019,PR006,20774.05
C06429,P028,PR024,22837.01
C06430,P035,PR030,4788.79
C06431,P004,PR013,20487.36
C06432,P100,PR035,524.59
C06433,P055,PR039,4380.42
C06434,P082,PR029,5289.26
C06435,P096,PR012,19913.52
C06436,P016,PR048,2313.76
C06437,P007,PR049,13266.68
C06438,P089,PR001,11678.42
C06439,P013,PR009,14999.14
C06440,P010,PR039,2196.81
C06441,P026,PR003,13253.53
C06442,P074,PR020,4320.29
C06443,P052,PR050,8409.6
C06444,P063,PR044,10288.62
C06445,P084,PR019,2319.72
C06446,P063,PR023,6704.74
C06447,P023,PR027,3000.82
C06448,P083,PR031,16040.91
C06449,P047,PR019,10372.89
C06450,P011,PR006,8854.29
C06451,P063,PR014,5013.44
C06452,P051,PR019,9804.96
C06453,P033,PR034,4236.33
C06454,P027,PR030,1189.06
C06455,P067,PR027,8874.89
C06456,P027,PR037,13317.16
C06457,P082,PR040,6009.22
C06458,P043,PR040,22366.44
C06459,P091,PR022,10073.08
C06460,P097,PR026,6067.73
C06461,P075,PR003,11446.9
C06462,P076,PR023,16278.86
C06463,P084,PR005,14669.33
C06464,P057,PR038,15899.91
C06465,P099,PR048,23884.7
C06466,P098,PR026,19516.55
C06467,P058,PR045,3514.27
C06468,P100,PR032,15281.58
C06469,P051,PR043,4473.52
C06470,P043,PR013,24976.68
C06471,P021,PR025,11149.23
C06472,P067,PR013,12417.09
C06473,P038,PR009,10641.97
C06474,P032,PR031,9683.57
C06475,P049,PR030,15748.95
C06476,P100,PR019,17796.08
C06477,P012,PR020,6997.49
C06478,P080,PR037,18664.24
C06479,P032,PR009,6466.78
C06480,P020,PR003,12925.17
C06481,P051,PR026,7226.31
C06482,P039,PR005,8129.79
C06483,P024,PR045,18360.09
C06484,P095,PR005,1521.2
C06485,P027,PR025,2051.43
C06486,P055,PR028,14677.74
C06487,P085,PR020,22640.14
C06488,P011,PR015,12321.57
C06489,P073,PR043,633.57
C06490,P098,PR013,2876.18
C06491,P024,PR016,23485.21
C06492,P059,PR021,7222.03
C06493,P034,PR004,6622.24
C06494,P094,PR033,7414.89
C06495,P010,PR002,463.72
C06496,P016,PR002,10132.65
C06497,P044,PR049,20436.15
C06498,P040,PR017,2966.11
C06499,P091,PR008,24074.27
C06500,P048,PR028,22416.98
C06501,P037,PR002,3095.72
C06502,P068,PR039,14591.12
C06503,P017,PR007,13885.34
C06504,P025,PR015,6326.63
C06505,P084,PR010,18169.47
C06506,P008,PR049,15664.32
C06507,P026,PR026,22978.44
C06508,P098,PR026,15569.27
C06509,P083,PR023,6191.03
C06510,P006,PR031,2395.21
C06511,P093,PR036,21447.9
C06512,P093,PR014,10412.27
C06513,P041,PR034,2264.76
C06514,P093,PR041,10803.47
C06515,P002,PR005,6473.19
C06516,P020,PR037,692.87
C06517,P042,PR013,9783.5
C06518,P020,PR027,11682.31
C06519,P064,PR045,312.4
C06520,P077,PR024,17012.42
C06521,P044,PR031,19952.99
C06522,P010,PR013,5781.15
C06523,P093,PR009,5880.17
C06524,P066,PR037,13076.71
C06525,P046,PR007,3274.7
C06526,P019,PR031,12733.74
C06527,P077,PR031,6033.42
C06528,P060,PR011,3977.34
C06529,P017,PR004,22654.01
C06530,P031,PR048,14619.19
C06531,P047,PR011,1923.57
C06532,P008,PR010,5609.93
C06533,P061,PR033,17317.6
C06534,P078,PR015,1730.0
C06535,P020,PR025,12263.95
C06536,P012,PR036,16080.24
C06537,P068,PR007,8863.85
C06538,P024,PR033,24542.57
C06539,P019,PR024,12036.55
C06540,P052,PR035,18265.31
C06541,P070,PR041,15701.63
C06542,P010,PR009,21368.55
C06543,P065,PR013,2044.89
C06544,P030,PR035,21215.17
C06545,P057,PR030,7613.78
C06546,P001,PR008,23607.29
C06547,P081,PR001,3389.91
C06548,P065,PR020,17445.9
C06549,P042,PR045,7949.19
C06550,P085,PR002,20717.83
C06551,P015,PR017,8946.0
C06552,P017,PR026,11667.65
C06553,P042,PR010,23014.32
C06554,P042,PR013,5022.94
C06555,P054,PR018,8547.47
C06556,P030,PR046,19444.13
C06557,P100,PR046,8290.27
C06558,P004,PR021,20643.94
C06559,P082,PR045,15166.71
C06560,P078,PR031,7919.66
C06561,P097,PR037,17707.56
C06562,P004,PR034,19255.75
C06563,P061,PR016,18242.32
C06564,P089,PR038,15083.56
C06565,P052,PR015,21103.03
C06566,P077,PR013,9119.97
C06567,P084,PR047,14733.27
C06568,P088,PR010,14431.97
C06569,P028,PR041,7049.59
C06570,P075,PR022,8977.06
C06571,P008,PR021,23455.87
C06572,P097,PR026,11690.67
C06573,P095,PR015,19634.12
C06574,P086,PR028,2265.04
C06575,P027,PR020,23231.59
C06576,P042,PR027,8354.07
C06577,P004,PR031,14638.11
C06578,P099,PR033,22673.24
C06579,P012,PR023,12374.73
C06580,P024,PR011,11148.26
C06581,P035,PR041,8217.09
C06582,P011,PR019,10608.55
C06583,P074,PR024,9899.5
C06584,P087,PR011,8673.29
C06585,P074,PR001,1231.83
C06586,P092,PR045,8839.8
C06587,P091,PR020,18960.8
C06588,P094,PR039,7658.85
C06589,P036,PR027,11900.24
C06590,P012,PR037,10689.35
C06591,P029,PR018,17006.25
C06592,P094,PR031,23334.71
C06593,P031,PR001,1757.26
C06594,P024,PR011,5798.48
C06595,P093,PR033,19264.45
C06596,P047,PR006,23329.88
C06597,P031,PR044,16518.92
C06598,P084,PR009,20174.21
C06599,P078,PR037,15705.05
C06600,P076,PR006,17439.34
C06601,P069,PR021,13317.27
C06602,P078,PR046,8851.09
C06603,P047,PR017,11934.69
C06604,P039,PR005,5411.95
C06605,P062,PR003,7800.48
C06606,P032,PR041,12858.33
C06607,P012,PR016,7812.39
C06608,P056,PR028,7723.25
C06609,P016,PR015,20820.26
C06610,P006,PR035,18945.67
C06611,P028,PR033,12755.17
C06612,P062,PR040,24052.57
C06613,P100,PR032,10158.48
C06614,P037,PR033,9822.54
C06615,P037,PR033,13469.17
C06616,P047,PR043,19827.25
C06617,P013,PR031,10548.44
C06618,P011,PR003,12571.59
C06619,P084,PR030,2765.36
C06620,P026,PR025,11679.18
C06621,P016,PR044,14009.89
C06622,P048,PR035,70.45
C06623,P034,PR003,22894.5
C06624,P027,PR008,11123.03
C06625,P024,PR031,24246.16
C06626,P058,PR015,2986.23
C06627,P008,PR024,17605.69
C06628,P082,PR010,14265.4
C06629,P003,PR008,19926.62
C06630,P078,PR003,12193.17
C06631,P040,PR029,10507.16
C06632,P028,PR022,9305.05
C06633,P090,PR007,21185.68
C06634,P064,PR007,21228.69
C06635,P032,PR003,11999.14
C06636,P030,PR022,20486.12
C06637,P075,PR024,17894.17
C06638,P005,PR018,12181.45
C06639,P088,PR035,23422.35
C06640,P013,PR015,1784.93
C06641,P080,PR031,23142.26
C06642,P056,PR032,10747.82
C06643,P094,PR012,736.49
C06644,P009,PR010,11775.33
C06645,P003,PR040,11056.36
C06646,P083,PR032,4090.29
C06647,P018,PR032,3519.01
C06648,P025,PR044,14569.72
C06649,P089,PR041,23935.91
C06650,P068,PR041,9837.26
C06651,P069,PR013,4965.75
C06652,P086,PR015,23074.24
C06653,P088,PR031,7174.94
C06654,P068,PR020,10794.27
C06655,P055,PR019,24647.14
C06656,P092,PR041,11795.0
C06657,P089,PR041,14937.46
C06658,P092,PR028,9505.54
C06659,P094,PR050,5086.91
C06660,P024,PR014,19928.7
C06661,P027,PR029,10306.38
C06662,P095,PR037,20061.07
C06663,P053,PR020,19623.73
C06664,P029,PR041,2241.81
C06665,P065,PR035,16046.37
C06666,P037,PR033,4621.51
C06667,P067,PR014,23293.56
C06668,P061,PR048,10474.59
C06669,P094,PR018,11805.11
C06670,P054,PR017,18676.39
C06671,P017,PR004,15907.31
C06672,P082,PR009,16039.74
C06673,P049,PR045,8701.62
C06674,P031,PR042,7018.65
C06675,P050,PR047,24902.65
C06676,P003,PR047,23243.58
C06677,P084,PR037,12325.89
C06678,P060,PR023,9890.92
C06679,P055,PR031,6095.48
C06680,P097,PR050,8396.0
C06681,P090,PR032,9325.68
C06682,P085,PR044,23535.0
C06683,P028,PR021,21727.67
C06684,P060,PR030,1131.86
C06685,P056,PR017,8366.17
C06686,P042,PR011,4684.79
C06687,P098,PR027,11307.26
C06688,P049,PR041,12659.0
C06689,P056,PR028,20791.42
C06690,P052,PR004,3463.35
C06691,P034,PR034,24627.44
C06692,P041,PR023,281.87
C06693,P029,PR041,17787.0
C06694,P071,PR050,18514.47
C06695,P082,PR001,23394.73
C06696,P082,PR035,22556.85
C06697,P019,PR026,7320.72
C06698,P073,PR003,17748.57
C06699,P062,PR036,14146.5
C06700,P013,PR032,6156.67
C06701,P018,PR035,23584.21
C06702,P084,PR029,21796.95
C06703,P084,PR014,13241.25
C06704,P099,PR013,7127.7
C06705,P065,PR044,9092.39
C06706,P007,PR033,16139.97
C06707,P052,PR036,10609.63
C06708,P079,PR003,15242.0
C06709,P062,PR006,1253.95
C06710,P035,PR010,23786.98
C06711,P055,PR022,22087.5
C06712,P009,PR035,22911.3
C06713,P088,PR042,4715.08
C06714,P097,PR010,24234.38
C06715,P026,PR017,14596.37
C06716,P003,PR009,14674.89
C06717,P056,PR024,20602.73
C06718,P068,PR033,407.38
C06719,P036,PR013,2674.75
C06720,P066,PR033,13782.15
C06721,P082,PR040,22490.57
C06722,P066,PR041,2799.95
C06723,P057,PR035,2026.75
C06724,P085,PR024,13572.25
C06725,P014,PR011,6809.82
C06726,P066,PR025,14158.63
C06727,P076,PR045,12590.0
C06728,P025,PR020,375.22
C06729,P009,PR037,6723.67
C06730,P098,PR050,15525.45
C06731,P041,PR031,18632.11
C06732,P004,PR047,3714.15
C06733,P069,PR027,3815.58
C06734,P030,PR030,18822.03
C06735,P005,PR002,10943.71
C06736,P095,PR013,15689.89
C06737,P089,PR006,758.28
C06738,P052,PR017,21965.07
C06739,P088,PR009,1772.46
C06740,P087,PR044,13737.91
C06741,P064,PR032,22260.25
C06742,P095,PR007,952.37
C06743,P008,PR011,4059.56
C06744,P062,PR023,18515.02
C06745,P087,PR040,24645.7
C06746,P082,PR033,4864.11
C06747,P013,PR016,12866.92
C06748,P099,PR007,17612.35
C06749,P078,PR043,13739.57
C06750,P074,PR001,5562.82
C06751,P062,PR035,2288.0
C06752,P089,PR036,8524.04
C06753,P022,PR014,15805.8
C06754,P028,PR005,12663.43
C06755,P095,PR015,4022.84
C06756,P024,PR006,3899.31
C06757,P043,PR014,6560.62
C06758,P056,PR049,21582.65
C06759,P092,PR007,12619.25
C06760,P088,PR004,1323.29
C06761,P097,PR048,12309.08
C06762,P039,PR004,22498.4
C06763,P015,PR010,14517.12
C06764,P052,PR033,23208.19
C06765,P034,PR046,14937.24
C06766,P028,PR009,20891.3
C06767,P090,PR046,19091.59
C06768,P087,PR031,12817.43
C06769,P034,PR003,24493.01
C06770,P030,PR032,2195.31
C06771,P010,PR002,3433.83
C06772,P047,PR033,1789.47
C06773,P061,PR031,7012.94
C06774,P083,PR038,20778.52
C06775,P076,PR045,6169.74
C06776,P072,PR040,5275.46
C06777,P066,PR035,7868.67
C06778,P004,PR045,17538.05
C06779,P030,PR019,6106.8
C06780,P070,PR001,16934.38
C06781,P056,PR015,17519.79
C06782,P057,PR039,14209.79
C06783,P010,PR002,20955.99
C06784,P013,PR019,15125.87
C06785,P012,PR017,2216.99
C06786,P068,PR042,6501.12
C06787,P042,PR034,22777.32
C06788,P044,PR006,15483.57
C06789,P079,PR027,10697.18
C06790,P054,PR032,22606.75
C06791,P062,PR050,20660.83
C06792,P083,PR033,3922.25
C06793,P067,PR048,5091.7
C06794,P093,PR013,10150.84
C06795,P033,PR008,15076.01
C06796,P042,PR039,9332.78
C06797,P022,PR025,20651.78
C06798,P089,PR017,5161.7
C06799,P042,PR034,24410.73
C06800,P025,PR007,4611.69
C06801,P053,PR006,6292.9
C06802,P028,PR034,21193.52
C06803,P063,PR049,6974.79
C06804,P010,PR022,5310.83
C06805,P021,PR022,19433.16
C06806,P091,PR049,6261.63
C06807,P091,PR013,6135.06
C06808,P057,PR037,19681.85
C06809,P047,PR040,1096.89
C06810,P077,PR009,7848.27
C06811,P007,PR024,10578.04
C06812,P079,PR045,18388.48
C06813,P094,PR007,19876.35
C06814,P072,PR002,13760.55
C06815,P049,PR027,7749.96
C06816,P086,PR039,16052.09
C06817,P012,PR012,19594.68
C06818,P081,PR033,4535.09
C06819,P054,PR030,19174.07
C06820,P012,PR033,8607.77
C06821,P016,PR008,18064.4
C06822,P074,PR025,11039.41
C06823,P022,PR041,16670.05
C06824,P088,PR005,9926.68
C06825,P033,PR002,21978.94
C06826,P007,PR005,18517.51
C06827,P077,PR042,21827.02
C06828,P022,PR025,9143.82
C06829,P091,PR033,12803.34
C06830,P040,PR007,14618.63
C06831,P074,PR017,23063.86
C06832,P033,PR029,9152.13
C06833,P073,PR026,22618.35
C06834,P070,PR012,3957.76
C06835,P089,PR040,9417.62
C06836,P031,PR036,23745.13
C06837,P070,PR036,17373.49
C06838,P072,PR005,5766.07
C06839,P024,PR025,14024.88
C06840,P098,PR004,15836.01
C06841,P063,PR045,2808.82
C06842,P049,PR011,15922.08
C06843,P076,PR005,19184.13
C06844,P024,PR033,9000.23
C06845,P051,PR040,12788.08
C06846,P094,PR037,19803.93
C06847,P015,PR028,12740.49
C06848,P026,PR037,6902.05
C06849,P053,PR018,10204.44
C06850,P029,PR001,5246.81
C06851,P038,PR038,21322.05
C06852,P086,PR032,13465.86
C06853,P015,PR013,13797.42
C06854,P097,PR003,7168.33
C06855,P086,PR010,694.55
C06856,P080,PR044,12202.45
C06857,P040,PR049,24607.53
C06858,P097,PR022,4729.89
C06859,P090,PR013,11151.56
C06860,P001,PR013,6922.09
C06861,P050,PR002,21804.46
C06862,P075,PR042,2242.18
C06863,P062,PR010,13154.76
C06864,P013,PR035,16096.69
C06865,P051,PR007,18079.74
C06866,P012,PR003,14503.88
C06867,P023,PR018,18893.6
C06868,P061,PR028,20126.42
C06869,P084,PR004,21550.09
C06870,P021,PR011,18542.87
C06871,P090,PR049,14121.88
C06872,P057,PR050,3263.43
C06873,P028,PR001,8296.08
C06874,P088,PR001,7733.0
C06875,P016,PR002,18090.97
C06876,P013,PR048,14053.75
C06877,P084,PR036,11616.47
C06878,P010,PR018,23689.55
C06879,P057,PR023,16140.86
C06880,P094,PR041,16682.51
C06881,P038,PR020,15574.35
C06882,P053,PR034,11691.92
C06883,P019,PR034,9440.58
C06884,P094,PR001,16507.16
C06885,P011,PR044,20168.41
C06886,P028,PR004,15588.31
C06887,P019,PR029,15804.4
C06888,P017,PR002,18372.11
C06889,P090,PR043,20937.11
C06890,P049,PR045,10017.66
C06891,P004,PR021,14654.02
C06892,P098,PR001,10953.45
C06893,P043,PR011,10188.58
C06894,P012,PR014,19135.93
C06895,P050,PR020,14670.85
C06896,P015,PR013,23698.63
C06897,P051,PR012,6813.83
C06898,P087,PR017,17127.52
C06899,P061,PR015,4950.12
C06900,P021,PR048,20321.07
C06901,P005,PR030,5565.69
C06902,P059,PR033,21352.42
C06903,P033,PR028,24787.85
C06904,P042,PR041,718.73
C06905,P006,PR011,20396.5
C06906,P050,PR003,8552.93
C06907,P039,PR021,1854.68
C06908,P052,PR027,21574.17
C06909,P022,PR044,5886.39
C06910,P007,PR021,3264.78
C06911,P039,PR008,4100.88
C06912,P005,PR040,20953.71
C06913,P037,PR019,12364.94
C06914,P031,PR015,9485.74
C06915,P026,PR024,8885.12
C06916,P066,PR026,5340.31
C06917,P057,PR015,19481.28
C06918,P007,PR030,158.75
C06919,P065,PR043,5851.41
C06920,P022,PR027,17817.96
C06921,P043,PR009,21395.18
C06922,P098,PR036,5970.41
C06923,P057,PR042,7837.89
C06924,P040,PR019,6644.53
C06925,P033,PR004,16759.05
C06926,P068,PR018,23621.06
C06927,P088,PR016,15893.76
C06928,P003,PR038,20057.47
C06929,P057,PR030,22767.82
C06930,P041,PR028,23503.84
C06931,P028,PR008,20280.86
C06932,P055,PR039,1971.63
C06933,P090,PR009,6472.45
C06934,P031,PR004,24250.2
C06935,P006,PR038,8298.23
C06936,P066,PR039,19082.31
C06937,P041,PR004,11302.01
C06938,P056,PR009,23773.55
C06939,P090,PR001,16838.85
C06940,P084,PR021,2649.92
C06941,P063,PR020,15795.25
C06942,P029,PR007,19128.83
C06943,P051,PR016,13232.57
C06944,P053,PR017,3869.02
C06945,P021,PR005,22859.47
C06946,P038,PR006,1636.35
C06947,P018,PR007,3721.86
C06948,P033,PR040,17089.97
C06949,P051,PR023,1035.48
C06950,P065,PR033,5365.16
C06951,P088,PR013,6987.68
C06952,P022,PR036,19495.18
C06953,P056,PR039,18134.57
C06954,P011,PR041,11849.24
C06955,P036,PR003,16943.03
C06956,P069,PR023,22847.67
C06957,P089,PR024,15511.2
C06958,P097,PR017,1403.71
C06959,P051,PR009,19275.01
C06960,P052,PR001,16235.58
C06961,P019,PR019,21862.55
C06962,P010,PR039,23122.1
C06963,P055,PR032,20331.57
C06964,P032,PR012,24266.2
C06965,P057,PR017,5885.57
C06966,P024,PR036,4042.52
C06967,P024,PR020,4660.12
C06968,P037,PR038,10480.97
C06969,P087,PR034,6708.24
C06970,P092,PR036,4255.95
C06971,P054,PR024,4755.37
C06972,P033,PR003,18291.1
C06973,P070,PR010,13980.87
C06974,P010,PR027,5503.62
C06975,P064,PR015,9893.18
C06976,P081,PR019,14505.75
C06977,P088,PR002,24757.37
C06978,P024,PR036,24950.92
C06979,P093,PR014,16278.02
C06980,P083,PR001,6735.44
C06981,P062,PR027,16052.83
C06982,P040,PR032,14343.65
C06983,P088,PR038,19165.78
C06984,P024,PR023,24547.05
C06985,P014,PR037,6398.67
C06986,P029,PR015,11708.37
C06987,P054,PR025,16079.42
C06988,P063,PR020,19670.29
C06989,P035,PR006,15078.23
C06990,P092,PR015,3612.73
C06991,P033,PR048,16054.87
C06992,P046,PR001,2298.67
C06993,P006,PR014,20086.6
C06994,P029,PR047,24648.36
C06995,P076,PR043,14152.78
C06996,P039,PR031,12880.27
C06997,P034,PR038,14463.54
C06998,P089,PR027,24238.26
C06999,P097,PR031,5474.0
C07000,P080,PR039,9635.37
C07001,P002,PR029,12936.33
C07002,P080,PR021,3149.21
C07003,P013,PR010,24533.79
C07004,P080,PR001,6850.65
C07005,P010,PR034,2300.42
C07006,P081,PR033,14981.99
C07007,P088,PR035,18469.49
C07008,P007,PR024,22781.27
C07009,P028,PR002,9579.54
C07010,P014,PR017,15098.6
C07011,P078,PR021,22357.71
C07012,P045,PR026,12758.93
C07013,P072,PR050,20093.93
C07014,P091,PR011,11821.17
C07015,P001,PR013,8702.18
C07016,P040,PR031,16089.59
C07017,P049,PR045,23345.29
C07018,P053,PR030,2361.3
C07019,P077,PR033,9484.19
C07020,P038,PR026,2581.36
C07021,P069,PR008,13887.14
C07022,P077,PR007,7591.79
C07023,P020,PR032,16743.03
C07024,P078,PR031,6432.2
C07025,P058,PR020,17921.99
C07026,P046,PR005,1075.42
C07027,P059,PR016,11356.12
C07028,P035,PR014,10400.87
C07029,P059,PR046,6492.16
C07030,P059,PR041,22132.01
C07031,P033,PR020,4627.8
C07032,P094,PR050,16498.87
C07033,P064,PR014,2299.17
C07034,P078,PR040,23998.28
C07035,P053,PR047,15613.51
C07036,P070,PR042,709.26
C07037,P025,PR019,4366.13
C07038,P081,PR035,9293.83
C07039,P049,PR030,12210.09
C07040,P047,PR004,6649.76
C07041,P006,PR021,14044.66
C07042,P094,PR013,11016.33
C07043,P091,PR039,10409.88
C07044,P056,PR042,13476.19
C07045,P076,PR034,18455.56
C07046,P009,PR005,17999.67
C07047,P087,PR036,22758.47
C07048,P008,PR032,14263.68
C07049,P048,PR011,9265.3
C07050,P031,PR018,5549.06
C07051,P016,PR012,10082.13
C07052,P080,PR044,12803.58
C07053,P068,PR007,23704.14
C07054,P037,PR046,18832.38
C07055,P097,PR006,10237.98
C07056,P072,PR009,21745.54
C07057,P039,PR012,5671.69
C07058,P050,PR008,1894.8
C07059,P017,PR038,16528.44
C07060,P080,PR021,12496.93
C07061,P054,PR002,24538.29
C07062,P032,PR038,24096.79
C07063,P093,PR039,7935.63
C07064,P041,PR045,13089.73
C07065,P015,PR029,13707.5
C07066,P034,PR013,18846.49
C07067,P055,PR039,6089.72
C07068,P061,PR002,15489.26
C07069,P001,PR010,9297.98
C07070,P014,PR041,16689.91
C07071,P022,PR033,553.38
C07072,P068,PR050,7359.08
C07073,P084,PR014,12551.05
C07074,P031,PR048,6525.01
C07075,P097,PR008,7913.89
C07076,P053,PR039,2745.54
C07077,P030,PR045,24916.0
C07078,P032,PR035,20619.57
C07079,P016,PR023,8832.0
C07080,P065,PR008,14299.75
C07081,P046,PR037,8242.5
C07082,P035,PR027,17702.35
C07083,P046,PR039,13432.37
C07084,P027,PR036,9784.06
C07085,P098,PR050,14148.97
C07086,P055,PR044,13593.47
C07087,P009,PR031,10292.1
C07088,P024,PR048,14158.42
C07089,P005,PR037,7932.89
C07090,P039,PR008,6147.58
C07091,P084,PR049,17511.65
C07092,P004,PR021,19533.47
C07093,P054,PR016,22147.37
C07094,P039,PR010,2155.28
C07095,P092,PR048,22485.77
C07096,P100,PR046,3492.95
C07097,P075,PR050,18594.67
C07098,P060,PR008,23371.38
C07099,P057,PR014,4170.97
C07100,P008,PR007,1114.53
C07101,P062,PR035,16026.99
C07102,P024,PR040,3309.05
C07103,P016,PR040,15168.88
C07104,P068,PR048,10170.58
C07105,P050,PR042,22070.99
C07106,P075,PR043,15067.22
C07107,P091,PR026,882.45
C07108,P086,PR043,2273.8
C07109,P001,PR039,8123.29
C07110,P007,PR042,3353.34
C07111,P095,PR040,21363.72
C07112,P060,PR048,18247.35
C07113,P041,PR023,3294.29
C07114,P001,PR034,1487.48
C07115,P021,PR021,21945.47
C07116,P065,PR019,16265.92
C07117,P023,PR002,14660.22
C07118,P064,PR028,807.81
C07119,P054,PR007,14708.26
C07120,P026,PR048,5112.35
C07121,P076,PR043,10690.6
C07122,P088,PR011,2097.42
C07123,P017,PR004,19807.5
C07124,P087,PR047,2236.25
C07125,P061,PR036,4834.01
C07126,P004,PR039,11424.67
C07127,P003,PR018,23758.47
C07128,P041,PR022,21166.85
C07129,P077,PR041,18303.19
C07130,P079,PR015,23927.66
C07131,P029,PR029,1892.8
C07132,P097,PR014,3663.42
C07133,P084,PR020,18240.7
C07134,P007,PR024,23594.83
C07135,P090,PR033,23597.68
C07136,P026,PR027,4574.61
C07137,P044,PR003,18778.35
C07138,P011,PR023,7558.81
C07139,P069,PR047,1205.28
C07140,P075,PR009,6426.51
C07141,P057,PR017,1555.93
C07142,P052,PR027,8028.75
C07143,P001,PR043,5869.94
C07144,P063,PR012,897.42
C07145,P033,PR016,4894.05
C07146,P006,PR027,19033.93
C07147,P021,PR024,12421.88
C07148,P046,PR038,8307.72
C07149,P023,PR012,10305.74
C07150,P064,PR048,21562.13
C07151,P023,PR028,7251.78
C07152,P093,PR016,9592.29
C07153,P079,PR017,4978.35
C07154,P047,PR043,4474.54
C07155,P011,PR031,16836.63
C07156,P052,PR022,16102.18
C07157,P025,PR014,697.82
C07158,P018,PR018,7197.49
C07159,P022,PR008,6383.31
C07160,P098,PR013,24888.65
C07161,P049,PR037,12520.69
C07162,P005,PR023,1574.69
C07163,P089,PR027,11816.13
C07164,P071,PR014,12165.86
C07165,P030,PR047,6733.83
C07166,P090,PR039,14047.77
C07167,P021,PR002,1739.01
C07168,P025,PR011,19485.18
C07169,P009,PR032,9705.14
C07170,P034,PR028,12801.38
C07171,P098,PR024,15475.88
C07172,P016,PR018,6007.78
C07173,P022,PR035,9122.66
C07174,P014,PR015,12444.67
C07175,P096,PR036,20873.38
C07176,P063,PR027,21310.28
C07177,P024,PR031,19565.6
C07178,P032,PR037,9301.04
C07179,P094,PR039,20719.85
C07180,P048,PR012,4734.21
C07181,P011,PR016,9542.55
C07182,P006,PR032,802.31
C07183,P089,PR011,5153.11
C07184,P011,PR009,627.71
C07185,P060,PR002,24822.67
C07186,P016,PR005,2387.02
C07187,P078,PR018,3272.57
C07188,P060,PR010,23564.26
C07189,P035,PR045,24509.67
C07190,P045,PR035,18219.3
C07191,P016,PR040,15263.37
C07192,P068,PR010,13437.75
C07193,P007,PR029,15866.12
C07194,P041,PR033,18248.12
C07195,P078,PR003,19552.3
C07196,P058,PR039,10114.93
C07197,P069,PR022,10677.82
C07198,P035,PR007,5781.0
C07199,P039,PR029,14657.26
C07200,P009,PR050,16702.22
C07201,P059,PR033,24840.46
C07202,P037,PR040,8018.73
C07203,P062,PR004,23575.96
C07204,P069,PR029,21156.93
C07205,P075,PR004,5137.12
C07206,P089,PR032,3171.02
C07207,P013,PR002,6653.39
C07208,P021,PR022,24625.76
C07209,P083,PR040,15352.8
C07210,P011,PR041,21500.63
C07211,P011,PR041,2687.57
C07212,P003,PR004,16212.86
C07213,P037,PR011,15951.72
C07214,P031,PR008,4628.25
C07215,P066,PR036,21711.07
C07216,P001,PR028,9533.95
C07217,P012,PR042,13365.05
C07218,P099,PR010,17167.63
C07219,P060,PR032,15067.87
C07220,P074,PR033,7425.22
C07221,P030,PR036,20076.49
C07222,P052,PR006,16579.53
C07223,P004,PR008,10296.13
C07224,P013,PR004,24473.81
C07225,P019,PR003,24973.41
C07226,P095,PR019,17042.36
C07227,P072,PR036,7606.94
C07228,P001,PR033,22202.22
C07229,P051,PR020,10619.15
C07230,P036,PR018,23243.8
C07231,P002,PR003,2083.79
C07232,P062,PR009,14230.19
C07233,P081,PR036,13226.13
C07234,P051,PR043,7313.96
C07235,P070,PR032,3170.15
C07236,P016,PR049,9255.42
C07237,P089,PR008,4258.28
C07238,P035,PR010,4375.22
C07239,P035,PR033,1815.15
C07240,P081,PR045,10754.95
C07241,P009,PR033,13791.41
C07242,P004,PR017,4143.89
C07243,P008,PR024,1845.17
C07244,P029,PR018,8140.39
C07245,P085,PR013,15477.92
C07246,P006,PR005,14319.6
C07247,P037,PR014,4341.34
C07248,P090,PR038,13391.63
C07249,P032,PR026,4986.55
C07250,P087,PR029,418.36
C07251,P007,PR043,10278.51
C07252,P092,PR008,12255.66
C07253,P022,PR041,20786.18
C07254,P080,PR034,11522.42
C07255,P043,PR030,5632.62
C07256,P016,PR028,2324.94
C07257,P073,PR022,10029.79
C07258,P026,PR035,1938.82
C07259,P016,PR020,13303.76
C07260,P095,PR029,6425.9
C07261,P049,PR041,2005.97
C07262,P025,PR005,8901.54
C07263,P005,PR041,9438.98
C07264,P083,PR002,13006.47
C07265,P086,PR023,21569.06
C07266,P063,PR043,1685.02
C07267,P054,PR016,20913.24
C07268,P091,PR047,13789.09
C07269,P053,PR041,6611.43
C07270,P032,PR024,16747.81
C07271,P066,PR029,1782.57
C07272,P004,PR021,22995.62
C07273,P081,PR031,12096.82
C07274,P054,PR042,13488.41
C07275,P028,PR036,15092.83
C07276,P045,PR036,11231.01
C07277,P041,PR012,7950.36
C07278,P082,PR025,7316.44
C07279,P018,PR048,2810.02
C07280,P006,PR005,14088.39
C07281,P059,PR026,8770.64
C07282,P050,PR039,24478.08
C07283,P025,PR005,20042.18
C07284,P057,PR047,11610.77
C07285,P004,PR046,2341.55
C07286,P083,PR003,14165.28
C07287,P074,PR014,22444.31
C07288,P051,PR024,12179.31
C07289,P093,PR049,23759.97
C07290,P089,PR050,20052.52
C07291,P090,PR048,10591.04
C07292,P006,PR022,6697.86
C07293,P038,PR033,23356.12
C07294,P062,PR047,7303.8
C07295,P075,PR006,2401.73
C07296,P081,PR025,8757.74
C07297,P026,PR047,5057.87
C07298,P023,PR042,1161.03
C07299,P092,PR043,1758.81
C07300,P001,PR047,7501.27
C07301,P053,PR035,13286.65
C07302,P018,PR028,11921.4
C07303,P015,PR024,17391.77
C07304,P044,PR034,11365.43
C07305,P072,PR040,15023.51
C07306,P090,PR013,9628.52
C07307,P009,PR010,6772.8
C07308,P001,PR022,9476.07
C07309,P057,PR021,15412.75
C07310,P089,PR026,22288.43
C07311,P093,PR015,8174.57
C07312,P012,PR029,16750.8
C07313,P029,PR034,21921.56
C07314,P032,PR019,17954.43
C07315,P075,PR045,21417.2
C07316,P086,PR031,4440.1
C07317,P076,PR043,14660.84
C07318,P080,PR013,10711.7
C07319,P055,PR002,23490.05
C07320,P081,PR026,5153.52
C07321,P049,PR036,21167.78
C07322,P021,PR003,1429.12
C07323,P042,PR038,2379.95
C07324,P080,PR025,4925.16
C07325,P090,PR024,21459.51
C07326,P039,PR006,6859.5
C07327,P059,PR045,18971.03
C07328,P023,PR046,10681.21
C07329,P004,PR029,20040.23
C07330,P048,PR050,12408.69
C07331,P070,PR003,4843.85
C07332,P027,PR015,23180.87
C07333,P034,PR034,2297.77
C07334,P022,PR036,8185.02
C07335,P021,PR003,13593.84
C07336,P084,PR043,625.26
C07337,P097,PR007,8907.17
C07338,P096,PR028,2519.14
C07339,P073,PR029,15563.98
C07340,P062,PR036,7686.51
C07341,P047,PR023,6471.63
C07342,P001,PR045,7930.84
C07343,P077,PR018,3916.51
C07344,P098,PR019,19364.47
C07345,P086,PR049,5632.16
C07346,P011,PR020,9303.64
C07347,P044,PR013,16545.05
C07348,P095,PR025,21027.17
C07349,P032,PR012,14789.67
C07350,P051,PR017,11333.54
C07351,P092,PR003,9999.29
C07352,P050,PR050,718.59
C07353,P082,PR040,24784.09
C07354,P076,PR046,21220.25
C07355,P086,PR024,16877.47
C07356,P067,PR036,17389.97
C07357,P095,PR041,17930.06
C07358,P032,PR044,16416.94
C07359,P011,PR031,16926.76
C07360,P052,PR033,17844.42
C07361,P022,PR001,13455.49
C07362,P005,PR041,7211.89
C07363,P082,PR026,7153.49
C07364,P073,PR009,10634.52
C07365,P036,PR025,18359.04
C07366,P055,PR040,9076.18
C07367,P040,PR039,12207.51
C07368,P030,PR027,20378.94
C07369,P039,PR033,18070.16
C07370,P082,PR019,20063.75
C07371,P001,PR024,22977.84
C07372,P065,PR014,7902.32
C07373,P097,PR021,18762.69
C07374,P080,PR028,16866.23
C07375,P074,PR025,1390.55
C07376,P070,PR019,17044.54
C07377,P051,PR004,22175.36
C07378,P053,PR003,7769.04
C07379,P039,PR027,24762.43
C07380,P057,PR003,8759.11
C07381,P094,PR015,649.59
C07382,P089,PR048,19373.3
C07383,P079,PR003,534.72
C07384,P004,PR018,2956.19
C07385,P039,PR050,16549.12
C07386,P085,PR044,22814.07
C07387,P063,PR001,14976.6
C07388,P078,PR028,16371.86
C07389,P028,PR048,2720.64
C07390,P055,PR043,20357.23
C07391,P057,PR016,11699.08
C07392,P038,PR037,17136.78
C07393,P076,PR036,7337.61
C07394,P004,PR012,19511.56
C07395,P090,PR036,14243.31
C07396,P100,PR004,7909.74
C07397,P037,PR011,21019.53
C07398,P067,PR008,3639.5
C07399,P080,PR030,11282.49
C07400,P070,PR036,17330.89
C07401,P042,PR017,21115.07
C07402,P053,PR020,7575.97
C07403,P051,PR015,23718.76
C07404,P032,PR022,19135.81
C07405,P059,PR040,15895.67
C07406,P095,PR019,24025.34
C07407,P065,PR045,4825.14
C07408,P060,PR022,8834.7
C07409,P059,PR038,4114.5
C07410,P017,PR028,10416.12
C07411,P053,PR005,9972.18
C07412,P018,PR022,23202.22
C07413,P062,PR006,22748.52
C07414,P038,PR037,6002.28
C07415,P092,PR015,3550.07
C07416,P021,PR041,8570.78
C07417,P068,PR042,1617.41
C07418,P038,PR043,20575.92
C07419,P067,PR021,4985.17
C07420,P050,PR007,22689.43
C07421,P015,PR044,8829.27
C07422,P025,PR022,20562.68
C07423,P066,PR018,2671.99
C07424,P071,PR018,5480.44
C07425,P082,PR049,20210.3
C07426,P085,PR026,17460.06
C07427,P060,PR035,9816.11
C07428,P070,PR034,4098.2
C07429,P069,PR034,22974.67
C07430,P062,PR026,22063.44
C07431,P077,PR021,2514.5
C07432,P059,PR010,24346.46
C07433,P007,PR017,18758.72
C07434,P071,PR020,1401.75
C07435,P038,PR049,22484.01
C07436,P013,PR014,641.13
C07437,P084,PR006,10792.61
C07438,P031,PR013,12654.43
C07439,P030,PR014,15627.18
C07440,P049,PR011,4285.24
C07441,P038,PR020,9908.3
C07442,P002,PR036,21314.14
C07443,P085,PR009,14020.99
C07444,P017,PR020,13819.99
C07445,P016,PR027,16961.83
C07446,P100,PR033,17821.59
C07447,P071,PR037,11359.3
C07448,P076,PR038,2790.1
C07449,P098,PR009,2525.55
C07450,P029,PR030,23760.44
C07451,P039,PR031,1956.62
C07452,P076,PR011,15403.9
C07453,P073,PR024,6341.68
C07454,P096,PR047,2399.12
C07455,P065,PR034,22583.87
C07456,P020,PR027,24184.44
C07457,P089,PR018,20861.88
C07458,P052,PR009,10962.68
C07459,P011,PR028,4098.09
C07460,P054,PR048,13193.92
C07461,P005,PR008,8684.85
C07462,P040,PR021,2107.38
C07463,P005,PR036,4021.12
C07464,P062,PR013,6340.97
C07465,P049,PR030,13370.36
C07466,P012,PR046,15127.81
C07467,P059,PR023,6526.56
C07468,P036,PR016,16661.41
C07469,P014,PR045,2809.65
C07470,P032,PR018,4653.93
C07471,P064,PR004,24288.64
C07472,P008,PR004,13717.42
C07473,P083,PR017,19074.61
C07474,P050,PR040,16118.59
C07475,P017,PR020,19044.55
C07476,P041,PR022,3720.74
C07477,P085,PR031,8340.37
C07478,P034,PR031,20719.63
C07479,P060,PR044,8717.38
C07480,P047,PR047,13358.76
C07481,P022,PR041,5130.41
C07482,P100,PR009,9160.1
C07483,P009,PR004,10225.9
C07484,P055,PR041,17233.81
C07485,P080,PR050,22477.47
C07486,P048,PR045,20512.05
C07487,P031,PR045,20890.53
C07488,P015,PR011,23169.74
C07489,P006,PR006,7480.48
C07490,P058,PR029,23963.79
C07491,P076,PR024,13090.48
C07492,P098,PR027,8796.66
C07493,P055,PR011,8166.97
C07494,P098,PR027,13712.18
C07495,P002,PR035,5859.99
C07496,P011,PR044,21060.68
C07497,P084,PR001,23178.32
C07498,P048,PR041,3899.96
C07499,P088,PR028,11098.14
C07500,P100,PR028,3887.77
C07501,P054,PR027,16843.12
C07502,P062,PR019,23610.05
C07503,P046,PR015,2180.97
C07504,P031,PR016,19992.28
C07505,P071,PR016,22822.33
C07506,P030,PR031,15895.21
C07507,P011,PR033,10233.54
C07508,P014,PR005,9703.41
C07509,P005,PR039,8593.31
C07510,P074,PR050,7273.74
C07511,P069,PR013,13758.93
C07512,P055,PR027,16483.94
C07513,P043,PR007,5775.48
C07514,P005,PR025,22884.68
C07515,P081,PR015,10068.27
C07516,P085,PR017,476.66
C07517,P084,PR025,17018.73
C07518,P038,PR011,21994.1
C07519,P094,PR032,9459.95
C07520,P081,PR001,4590.15
C07521,P065,PR009,13337.54
C07522,P036,PR050,12685.72
C07523,P056,PR034,7904.05
C07524,P032,PR015,19063.19
C07525,P093,PR022,13456.09
C07526,P098,PR030,5731.51
C07527,P084,PR033,24301.07
C07528,P055,PR036,5664.12
C07529,P057,PR012,2372.67
C07530,P003,PR020,23097.5
C07531,P090,PR045,11225.61
C07532,P036,PR017,13153.08
C07533,P077,PR010,9512.38
C07534,P001,PR022,19024.76
C07535,P030,PR005,3934.66
C07536,P076,PR019,24062.7
C07537,P087,PR041,24482.1
C07538,P071,PR035,18899.65
C07539,P096,PR038,4249.46
C07540,P054,PR010,11832.58
C07541,P096,PR017,24626.55
C07542,P022,PR040,9815.37
C07543,P012,PR003,15645.5
C07544,P043,PR043,3864.52
C07545,P093,PR016,879.03
C07546,P005,PR005,8292.91
C07547,P031,PR005,22932.28
C07548,P051,PR009,918.79
C07549,P030,PR042,15066.26
C07550,P008,PR026,17030.26
C07551,P036,PR008,22216.15
C07552,P045,PR025,23917.53
C07553,P007,PR042,2469.06
C07554,P076,PR011,7050.1
C07555,P060,PR005,2282.31
C07556,P076,PR003,11522.51
C07557,P072,PR005,22574.16
C07558,P063,PR040,6657.08
C07559,P040,PR026,20873.41
C07560,P076,PR017,4523.14
C07561,P100,PR048,23914.02
C07562,P081,PR044,892.87
C07563,P054,PR009,15774.56
C07564,P045,PR017,1288.2
C07565,P002,PR039,23761.11
C07566,P059,PR029,6706.16
C07567,P078,PR037,2366.92
C07568,P055,PR037,23030.72
C07569,P090,PR027,14865.27
C07570,P027,PR021,13343.99
C07571,P027,PR049,21514.54
C07572,P057,PR032,1790.26
C07573,P077,PR002,5869.53
C07574,P042,PR036,3196.02
C07575,P048,PR013,9604.58
C07576,P047,PR045,7282.54
C07577,P035,PR029,4189.45
C07578,P098,PR042,15260.81
C07579,P067,PR027,14955.95
C07580,P076,PR012,23204.35
C07581,P072,PR021,11428.08
C07582,P078,PR006,16988.73
C07583,P044,PR043,23194.44
C07584,P042,PR048,11819.22
C07585,P060,PR033,5024.58
C07586,P048,PR018,6748.87
C07587,P092,PR016,7091.39
C07588,P067,PR020,2147.25
C07589,P007,PR018,14733.01
C07590,P070,PR017,14287.53
C07591,P062,PR023,16950.12
C07592,P087,PR046,24739.49
C07593,P065,PR032,18141.77
C07594,P043,PR033,1790.55
C07595,P033,PR007,22804.29
C07596,P048,PR016,23694.41
C07597,P044,PR026,2678.18
C07598,P063,PR030,17015.26
C07599,P092,PR037,17473.24
C07600,P033,PR006,20917.38
C07601,P098,PR010,23778.82
C07602,P082,PR013,23098.15
C07603,P017,PR033,11389.1
C07604,P055,PR015,2697.91
C07605,P056,PR028,18877.92
C07606,P007,PR044,13915.52
C07607,P072,PR030,22857.93
C07608,P007,PR038,15408.2
C07609,P048,PR044,20250.92
C07610,P077,PR031,17769.67
C07611,P052,PR019,2470.54
C07612,P042,PR039,7958.11
C07613,P098,PR047,22167.19
C07614,P044,PR043,315.19
C07615,P085,PR031,11259.79
C07616,P018,PR040,9142.16
C07617,P067,PR048,4070.27
C07618,P006,PR038,3396.12
C07619,P100,PR011,11313.12
C07620,P100,PR034,14765.28
C07621,P042,PR037,23030.39
C07622,P081,PR048,20833.51
C07623,P002,PR040,7286.86
C07624,P025,PR044,22351.69
C07625,P046,PR014,19099.0
C07626,P030,PR033,15086.89
C07627,P039,PR037,14047.13
C07628,P013,PR012,6675.07
C07629,P055,PR012,18449.28
C07630,P077,PR021,5045.94
C07631,P013,PR032,5602.16
C07632,P067,PR034,7709.38
C07633,P025,PR050,441.03
C07634,P087,PR050,13109.91
C07635,P087,PR017,10610.16
C07636,P039,PR015,5310.41
C07637,P059,PR042,21925.5
C07638,P045,PR021,21731.45
C07639,P047,PR010,7543.8
C07640,P002,PR024,16704.44
C07641,P022,PR009,20092.81
C07642,P098,PR004,16799.53
C07643,P026,PR049,2990.49
C07644,P048,PR006,20736.72
C07645,P018,PR036,23513.55
C07646,P001,PR036,2947.91
C07647,P071,PR002,21941.64
C07648,P065,PR027,19130.77
C07649,P091,PR047,16097.66
C07650,P070,PR010,16595.43
C07651,P059,PR016,7356.78
C07652,P069,PR018,8964.08
C07653,P026,PR024,13684.02
C07654,P077,PR040,16362.29
C07655,P039,PR044,2313.54
C07656,P030,PR028,24048.48
C07657,P009,PR022,5853.75
C07658,P080,PR010,16926.15
C07659,P032,PR005,11650.15
C07660,P081,PR037,12063.89
C07661,P097,PR047,10837.09
C07662,P029,PR019,4210.66
C07663,P083,PR016,9842.5
C07664,P009,PR006,20903.64
C07665,P028,PR026,16003.45
C07666,P089,PR007,17181.18
C07667,P043,PR029,2726.71
C07668,P096,PR037,748.29
C07669,P028,PR018,8168.29
C07670,P076,PR024,9881.25
C07671,P004,PR021,20959.46
C07672,P016,PR044,1243.49
C07673,P021,PR024,6387.12
C07674,P063,PR033,21502.41
C07675,P073,PR020,14978.13
C07676,P088,PR035,15990.18
C07677,P059,PR007,14578.61
C07678,P069,PR019,5391.91
C07679,P070,PR048,3257.73
C07680,P086,PR021,8470.31
C07681,P061,PR021,13558.69
C07682,P074,PR015,17603.2
C07683,P051,PR011,19993.82
C07684,P089,PR033,11879.55
C07685,P095,PR026,4454.44
C07686,P073,PR013,9585.44
C07687,P065,PR013,21256.78
C07688,P043,PR006,8401.07
C07689,P010,PR014,8379.3
C07690,P033,PR014,18285.1
C07691,P025,PR046,22888.76
C07692,P002,PR032,7546.2
C07693,P021,PR015,24007.08
C07694,P005,PR007,24897.37
C07695,P030,PR020,24562.36
C07696,P019,PR049,3565.82
C07697,P098,PR033,1836.96
C07698,P100,PR031,23699.28
C07699,P086,PR021,16644.04
C07700,P052,PR049,23270.49
C07701,P023,PR050,24784.27
C07702,P042,PR019,2362.58
C07703,P068,PR013,12817.82
C07704,P078,PR040,5177.38
C07705,P026,PR047,13232.16
C07706,P008,PR012,11341.11
C07707,P087,PR008,8574.19
C07708,P043,PR042,16151.25
C07709,P035,PR013,21918.28
C07710,P073,PR004,2514.61
C07711,P004,PR014,20972.16
C07712,P015,PR004,18608.7
C07713,P010,PR013,23057.77
C07714,P059,PR001,5597.29
C07715,P099,PR014,24139.49
C07716,P046,PR008,24084.51
C07717,P018,PR034,7334.68
C07718,P055,PR033,5092.84
C07719,P021,PR011,20134.01
C07720,P078,PR008,7934.74
C07721,P082,PR015,16432.35
C07722,P084,PR040,23631.03
C07723,P055,PR016,11579.23
C07724,P089,PR045,15845.15
C07725,P026,PR001,7825.34
C07726,P024,PR046,10753.38
C07727,P031,PR037,6759.9
C07728,P021,PR029,372.17
C07729,P050,PR020,4972.51
C07730,P009,PR019,15003.25
C07731,P094,PR039,844.7
C07732,P043,PR008,12108.28
C07733,P009,PR031,8862.97
C07734,P043,PR003,99.36
C07735,P034,PR030,6320.88
C07736,P089,PR016,15093.21
C07737,P083,PR018,9895.77
C07738,P080,PR044,20924.81
C07739,P065,PR049,23646.86
C07740,P055,PR010,23889.77
C07741,P004,PR016,23501.31
C07742,P100,PR018,14685.74
C07743,P063,PR007,14204.78
C07744,P064,PR028,5094.13
C07745,P069,PR011,6590.3
C07746,P006,PR009,21494.51
C07747,P002,PR027,15341.13
C07748,P028,PR004,23692.1
C07749,P033,PR004,1355.85
C07750,P085,PR014,21010.77
C07751,P043,PR048,3066.89
C07752,P007,PR050,12889.3
C07753,P098,PR035,19998.7
C07754,P040,PR011,11179.49
C07755,P090,PR001,2255.46
C07756,P099,PR011,18126.95
C07757,P095,PR001,87.38
C07758,P007,PR028,20915.76
C07759,P044,PR020,12126.92
C07760,P098,PR022,75.68
C07761,P043,PR036,22220.15
C07762,P046,PR018,14024.1
C07763,P086,PR043,17597.62
C07764,P032,PR022,2788.66
C07765,P039,PR036,12239.33
C07766,P091,PR035,12308.74
C07767,P084,PR050,8679.72
C07768,P022,PR023,8344.12
C07769,P073,PR017,9648.12
C07770,P013,PR021,18603.95
C07771,P027,PR020,17264.55
C07772,P009,PR028,24431.92
C07773,P084,PR010,19104.62
C07774,P078,PR006,24930.15
C07775,P016,PR045,12464.76
C07776,P078,PR048,1493.38
C07777,P035,PR031,13407.62
C07778,P089,PR003,1196.92
C07779,P055,PR048,12777.21
C07780,P083,PR039,24509.58
C07781,P062,PR026,2700.34
C07782,P063,PR019,5556.43
C07783,P093,PR042,9677.12
C07784,P034,PR031,8450.95
C07785,P016,PR008,6047.27
C07786,P065,PR014,6863.3
C07787,P035,PR031,8221.36
C07788,P072,PR006,11082.04
C07789,P049,PR043,6431.73
C07790,P063,PR020,19556.18
C07791,P096,PR019,11397.81
C07792,P031,PR022,14019.86
C07793,P028,PR023,11943.84
C07794,P070,PR034,4738.83
C07795,P095,PR011,1394.66
C07796,P090,PR020,5854.98
C07797,P035,PR013,19850.04
C07798,P058,PR017,16853.39
C07799,P008,PR047,3287.42
C07800,P013,PR049,7020.18
C07801,P064,PR016,7729.55
C07802,P071,PR014,8917.32
C07803,P033,PR045,1666.91
C07804,P082,PR039,13301.04
C07805,P087,PR036,10439.54
C07806,P018,PR002,19676.27
C07807,P074,PR046,2466.7
C07808,P009,PR022,20699.29
C07809,P030,PR020,11406.06
C07810,P075,PR045,20065.63
C07811,P063,PR001,3260.08
C07812,P096,PR047,1209.08
C07813,P025,PR048,13751.79
C07814,P009,PR015,5969.31
C07815,P096,PR050,13944.96
C07816,P010,PR005,512.74
C07817,P063,PR009,22227.21
C07818,P039,PR029,19497.72
C07819,P004,PR045,14642.2
C07820,P077,PR016,19583.5
C07821,P001,PR030,11734.2
C07822,P100,PR036,16948.92
C07823,P001,PR001,5226.25
C07824,P039,PR050,21012.92
C07825,P008,PR036,23225.81
C07826,P044,PR013,8423.34
C07827,P095,PR042,14892.87
C07828,P097,PR045,2862.9
C07829,P023,PR031,24673.56
C07830,P016,PR048,20620.22
C07831,P068,PR017,23209.62
C07832,P058,PR047,16174.11
C07833,P038,PR012,12122.12
C07834,P073,PR022,24097.6
C07835,P052,PR018,15028.66
C07836,P074,PR041,3631.06
C07837,P039,PR011,16071.64
C07838,P066,PR031,9160.94
C07839,P054,PR037,2440.75
C07840,P010,PR008,22414.2
C07841,P075,PR020,24507.01
C07842,P080,PR035,15107.85
C07843,P027,PR003,20871.76
C07844,P068,PR022,8259.02
C07845,P012,PR006,9280.28
C07846,P015,PR025,18436.18
C07847,P008,PR039,24451.69
C07848,P060,PR007,1370.46
C07849,P030,PR041,24709.23
C07850,P093,PR041,7443.07
C07851,P007,PR029,2514.19
C07852,P013,PR004,4747.7
C07853,P029,PR031,1546.82
C07854,P092,PR040,19026.64
C07855,P046,PR021,15309.55
C07856,P030,PR017,16550.82
C07857,P067,PR030,1967.43
C07858,P039,PR002,2406.33
C07859,P041,PR013,24712.91
C07860,P035,PR009,24250.98
C07861,P055,PR011,11667.15
C07862,P068,PR024,20254.28
C07863,P024,PR043,11408.74
C07864,P072,PR048,4224.42
C07865,P034,PR030,19742.03
C07866,P063,PR015,6212.01
C07867,P033,PR048,4680.02
C07868,P060,PR035,15672.05
C07869,P070,PR004,239.82
C07870,P045,PR018,20520.06
C07871,P038,PR003,6119.39
C07872,P089,PR023,23027.68
C07873,P033,PR022,11016.31
C07874,P040,PR049,7344.82
C07875,P098,PR032,17655.13
C07876,P018,PR024,16919.07
C07877,P023,PR006,22727.58
C07878,P078,PR047,23897.9
C07879,P046,PR013,4671.56
C07880,P002,PR047,10929.83
C07881,P080,PR039,21989.15
C07882,P075,PR041,8137.71
C07883,P096,PR031,9519.04
C07884,P044,PR030,19253.37
C07885,P087,PR001,5047.33
C07886,P063,PR035,3011.71
C07887,P023,PR048,7954.32
C07888,P079,PR010,2541.81
C07889,P094,PR034,21036.06
C07890,P078,PR034,24093.3
C07891,P022,PR017,23930.13
C07892,P003,PR006,2836.58
C07893,P004,PR040,6131.33
C07894,P069,PR015,9899.12
C07895,P086,PR037,7830.03
C07896,P014,PR001,12622.46
C07897,P017,PR041,4149.68
C07898,P071,PR030,12202.14
C07899,P077,PR047,19488.58
C07900,P077,PR015,21079.91
C07901,P008,PR027,18183.22
C07902,P038,PR020,4886.36
C07903,P034,PR042,23485.32
C07904,P064,PR019,8397.53
C07905,P013,PR023,5064.47
C07906,P095,PR031,4239.49
C07907,P045,PR023,2153.44
C07908,P030,PR021,6309.43
C07909,P044,PR028,14936.41
C07910,P091,PR049,15372.67
C07911,P021,PR045,4690.59
C07912,P078,PR006,18287.56
C07913,P053,PR033,7149.87
C07914,P071,PR049,13481.07
C07915,P078,PR030,5691.4
C07916,P083,PR013,8183.0
C07917,P046,PR021,3106.01
C07918,P092,PR029,19319.79
C07919,P068,PR030,23803.25
C07920,P076,PR023,17952.37
C07921,P020,PR036,8030.61
C07922,P032,PR003,9111.77
C07923,P080,PR007,14057.86
C07924,P021,PR014,12981.46
C07925,P069,PR026,8308.78
C07926,P019,PR012,6768.39
C07927,P019,PR037,21952.09
C07928,P030,PR026,1312.94
C07929,P035,PR007,15286.76
C07930,P082,PR042,7832.72
C07931,P040,PR036,20686.22
C07932,P031,PR015,23546.61
C07933,P078,PR046,19894.57
C07934,P079,PR033,16695.28
C07935,P016,PR032,16237.54
C07936,P058,PR001,15899.64
C07937,P045,PR022,14758.4
C07938,P002,PR005,23752.78
C07939,P094,PR039,12476.7
C07940,P044,PR037,10907.05
C07941,P082,PR038,5076.71
C07942,P026,PR028,23670.36
C07943,P087,PR041,14406.45
C07944,P042,PR009,3940.1
C07945,P066,PR006,3693.84
C07946,P014,PR001,11747.92
C07947,P066,PR039,6010.23
C07948,P067,PR021,6328.79
C07949,P077,PR001,19445.01
C07950,P078,PR016,12410.72
C07951,P028,PR002,5654.71
C07952,P021,PR038,3870.68
C07953,P055,PR042,10402.6
C07954,P070,PR046,14434.4
C07955,P094,PR048,2683.15
C07956,P015,PR001,18725.55
C07957,P050,PR028,20727.91
C07958,P034,PR037,7163.87
C07959,P083,PR041,16102.09
C07960,P073,PR035,3125.72
C07961,P017,PR037,16889.36
C07962,P094,PR048,7102.79
C07963,P006,PR022,18439.36
C07964,P005,PR048,13795.85
C07965,P001,PR012,2876.46
C07966,P022,PR024,79.39
C07967,P092,PR039,14523.29
C07968,P059,PR041,10536.48
C07969,P034,PR034,11692.21
C07970,P046,PR001,4660.11
C07971,P081,PR013,23385.73
C07972,P050,PR029,11279.25
C07973,P041,PR018,23276.17
C07974,P047,PR034,5019.44
C07975,P027,PR032,7813.39
C07976,P096,PR044,14640.44
C07977,P095,PR033,14090.88
C07978,P054,PR050,13132.93
C07979,P029,PR026,20493.24
C07980,P013,PR002,19207.29
C07981,P032,PR016,3830.39
C07982,P041,PR032,9209.37
C07983,P020,PR041,19914.22
C07984,P002,PR005,17461.15
C07985,P025,PR036,18689.57
C07986,P002,PR015,3609.47
C07987,P031,PR018,2993.17
C07988,P015,PR017,8508.97
C07989,P085,PR050,14247.21
C07990,P091,PR013,8086.05
C07991,P040,PR031,5385.74
C07992,P033,PR024,20019.67
C07993,P065,PR012,8003.29
C07994,P089,PR008,13701.52
C07995,P009,PR031,18137.33
C07996,P041,PR048,22479.45
C07997,P008,PR023,12785.27
C07998,P024,PR018,12860.31
C07999,P035,PR009,1267.79
C08000,P089,PR005,21506.81
C08001,P029,PR024,6929.03
C08002,P092,PR025,19023.53
C08003,P058,PR040,22139.64
C08004,P069,PR037,11346.64
C08005,P089,PR035,23675.46
C08006,P085,PR014,2323.37
C08007,P088,PR008,14190.51
C08008,P058,PR047,13523.54
C08009,P051,PR010,12801.87
C08010,P026,PR003,13131.69
C08011,P093,PR017,13375.59
C08012,P016,PR020,21380.38
C08013,P011,PR009,12140.07
C08014,P064,PR028,20525.17
C08015,P088,PR012,21597.77
C08016,P077,PR004,20647.85
C08017,P031,PR034,8551.79
C08018,P071,PR035,12368.23
C08019,P003,PR023,777.51
C08020,P023,PR020,3893.48
C08021,P036,PR034,11402.47
C08022,P048,PR026,17633.25
C08023,P009,PR011,23330.45
C08024,P059,PR014,7078.33
C08025,P004,PR033,20252.24
C08026,P066,PR043,22429.71
C08027,P017,PR024,10116.6
C08028,P018,PR022,21655.83
C08029,P094,PR043,17600.65
C08030,P052,PR041,5675.81
C08031,P025,PR031,19146.92
C08032,P055,PR024,1255.79
C08033,P029,PR044,5648.48
C08034,P054,PR041,9610.07
C08035,P050,PR005,22077.29
C08036,P080,PR036,9938.52
C08037,P009,PR047,16924.45
C08038,P004,PR022,15616.1
C08039,P050,PR019,22718.9
C08040,P079,PR016,670.92
C08041,P066,PR023,13654.7
C08042,P094,PR027,15275.68
C08043,P044,PR047,3951.78
C08044,P084,PR048,6128.23
C08045,P057,PR036,425.2
C08046,P063,PR031,2520.73
C08047,P059,PR026,1894.62
C08048,P008,PR012,9620.05
C08049,P069,PR033,19959.11
C08050,P015,PR027,15574.56
C08051,P021,PR046,8398.35
C08052,P018,PR030,9251.88
C08053,P089,PR030,24728.21
C08054,P035,PR039,5643.37
C08055,P047,PR006,14548.22
C08056,P029,PR003,23475.3
C08057,P070,PR038,23694.45
C08058,P024,PR035,10232.31
C08059,P032,PR032,11505.61
C08060,P044,PR010,11230.45
C08061,P006,PR046,8662.15
C08062,P073,PR002,3334.15
C08063,P001,PR009,2615.23
C08064,P045,PR047,7455.28
C08065,P051,PR011,20327.33
C08066,P100,PR019,5332.81
C08067,P095,PR008,18850.09
C08068,P033,PR032,19917.44
C08069,P018,PR035,23606.92
C08070,P043,PR020,2209.93
C08071,P026,PR030,17171.59
C08072,P009,PR026,22404.43
C08073,P070,PR031,14760.92
C08074,P009,PR029,3783.95
C08075,P013,PR003,13063.69
C08076,P054,PR035,19283.08
C08077,P080,PR042,4553.51
C08078,P067,PR031,17112.88
C08079,P059,PR045,17696.23
C08080,P034,PR025,3018.13
C08081,P053,PR005,14660.34
C08082,P045,PR013,10912.48
C08083,P082,PR038,15388.5
C08084,P083,PR017,11148.33
C08085,P060,PR022,1162.05
C08086,P090,PR027,18031.17
C08087,P096,PR050,17885.58
C08088,P025,PR041,16239.99
C08089,P045,PR041,12718.82
C08090,P041,PR048,5862.32
C08091,P039,PR026,13545.85
C08092,P054,PR012,13406.6
C08093,P079,PR011,932.81
C08094,P074,PR004,24682.11
C08095,P025,PR037,19112.41
C08096,P040,PR018,17792.81
C08097,P072,PR003,1332.33
C08098,P088,PR037,2151.3
C08099,P008,PR022,5038.6
C08100,P010,PR032,1339.47
C08101,P043,PR018,14847.8
C08102,P088,PR008,16430.93
C08103,P087,PR021,4677.75
C08104,P029,PR014,1987.83
C08105,P099,PR034,5649.92
C08106,P026,PR007,3822.66
C08107,P028,PR016,24773.84
C08108,P011,PR047,12224.74
C08109,P019,PR039,3565.76
C08110,P075,PR028,2532.49
C08111,P062,PR030,9793.38
C08112,P013,PR028,24962.35
C08113,P064,PR006,24486.68
C08114,P046,PR048,18352.14
C08115,P055,PR030,3407.43
C08116,P022,PR033,22098.63
C08117,P079,PR009,6252.71
C08118,P052,PR031,10100.75
C08119,P051,PR023,4523.74
C08120,P058,PR002,21178.54
C08121,P001,PR029,5430.76
C08122,P048,PR037,20684.05
C08123,P086,PR031,4765.04
C08124,P083,PR009,4137.83
C08125,P005,PR046,936.94
C08126,P021,PR005,5933.4
C08127,P074,PR048,2727.44
C08128,P075,PR016,7626.3
C08129,P010,PR039,8979.94
C08130,P038,PR011,1127.91
C08131,P041,PR025,24668.63
C08132,P025,PR001,24488.25
C08133,P075,PR028,11706.42
C08134,P025,PR022,15245.61
C08135,P006,PR010,6074.93
C08136,P077,PR050,15418.05
C08137,P082,PR040,1074.14
C08138,P083,PR013,11572.46
C08139,P078,PR040,3864.02
C08140,P002,PR017,15544.39
C08141,P014,PR050,23196.08
C08142,P010,PR036,21602.23
C08143,P054,PR005,21370.55
C08144,P075,PR026,11512.97
C08145,P001,PR023,10452.85
C08146,P087,PR007,14882.24
C08147,P081,PR048,21969.06
C08148,P055,PR017,876.26
C08149,P096,PR014,3693.82
C08150,P053,PR027,22012.86
C08151,P067,PR015,11045.1
C08152,P028,PR005,17382.72
C08153,P074,PR041,10501.19
C08154,P067,PR040,23427.34
C08155,P018,PR010,23354.78
C08156,P052,PR038,22653.63
C08157,P088,PR026,1106.64
C08158,P047,PR032,24269.23
C08159,P021,PR049,20116.22
C08160,P066,PR018,10328.76
C08161,P018,PR035,3925.25
C08162,P008,PR023,8625.91
C08163,P011,PR044,1664.8
C08164,P002,PR010,21498.13
C08165,P036,PR023,14427.39
C08166,P004,PR007,10162.02
C08167,P002,PR007,7492.6
C08168,P039,PR019,4424.07
C08169,P002,PR016,3077.35
C08170,P005,PR042,3282.41
C08171,P091,PR032,20342.37
C08172,P027,PR032,9682.27
C08173,P012,PR037,13307.95
C08174,P002,PR039,15307.03
C08175,P078,PR015,19004.8
C08176,P016,PR006,18935.68
C08177,P045,PR049,17733.02
C08178,P040,PR040,2665.17
C08179,P075,PR040,15401.79
C08180,P043,PR011,9445.85
C08181,P009,PR024,12443.62
C08182,P099,PR049,10399.38
C08183,P095,PR029,4281.66
C08184,P069,PR014,3696.99
C08185,P044,PR043,20609.89
C08186,P085,PR043,18227.53
C08187,P009,PR027,4958.51
C08188,P037,PR033,2411.11
C08189,P024,PR030,23735.96
C08190,P077,PR042,3393.49
C08191,P084,PR020,3910.75
C08192,P011,PR041,22185.19
C08193,P030,PR017,18379.5
C08194,P016,PR039,20560.08
C08195,P084,PR045,18202.79
C08196,P071,PR001,12159.57
C08197,P033,PR024,17661.07
C08198,P083,PR001,3714.26
C08199,P088,PR030,1566.31
C08200,P050,PR019,3672.01
C08201,P081,PR028,2742.82
C08202,P057,PR027,2674.86
C08203,P009,PR046,21398.64
C08204,P046,PR037,17654.28
C08205,P088,PR007,18274.62
C08206,P039,PR010,1487.13
C08207,P100,PR009,16396.73
C08208,P017,PR049,11385.68
C08209,P071,PR012,13529.03
C08210,P072,PR036,14403.6
C08211,P037,PR028,7701.7
C08212,P097,PR046,10879.45
C08213,P011,PR002,11762.33
C08214,P037,PR027,19700.52
C08215,P030,PR001,3540.48
C08216,P003,PR009,16266.78
C08217,P053,PR018,2880.2
C08218,P062,PR023,24574.11
C08219,P034,PR009,17654.64
C08220,P087,PR004,17994.06
C08221,P070,PR036,14214.8
C08222,P033,PR026,1601.74
C08223,P069,PR024,5697.71
C08224,P077,PR030,12770.38
C08225,P003,PR036,12087.58
C08226,P090,PR049,13778.44
C08227,P019,PR034,15176.01
C08228,P027,PR018,13071.53
C08229,P004,PR009,920.49
C08230,P039,PR048,11108.63
C08231,P079,PR046,6357.92
C08232,P066,PR046,6773.41
C08233,P007,PR027,9409.89
C08234,P039,PR041,12619.26
C08235,P082,PR021,13558.14
C08236,P096,PR035,21118.41
C08237,P054,PR041,19636.93
C08238,P029,PR044,22243.14
C08239,P094,PR004,24775.07
C08240,P051,PR016,2132.09
C08241,P057,PR041,18972.59
C08242,P037,PR036,16682.76
C08243,P035,PR042,15877.46
C08244,P065,PR002,21846.17
C08245,P059,PR015,17540.0
C08246,P059,PR029,15977.16
C08247,P079,PR013,24362.29
C08248,P079,PR026,3612.77
C08249,P014,PR046,11947.33
C08250,P032,PR014,15596.34
C08251,P095,PR044,20523.43
C08252,P051,PR040,7354.76
C08253,P058,PR029,23903.58
C08254,P055,PR028,5368.77
C08255,P019,PR025,10087.2
C08256,P070,PR006,13571.78
C08257,P042,PR005,8212.74
C08258,P091,PR028,19171.67
C08259,P077,PR023,3631.17
C08260,P052,PR021,18379.62
C08261,P084,PR011,4084.23
C08262,P027,PR024,7422.92
C08263,P045,PR034,5394.36
C08264,P096,PR015,10488.27
C08265,P036,PR005,24240.35
C08266,P017,PR030,4306.35
C08267,P071,PR023,21248.27
C08268,P014,PR030,12602.0
C08269,P076,PR045,21488.0
C08270,P065,PR046,3670.49
C08271,P032,PR048,1041.51
C08272,P084,PR011,19544.46
C08273,P081,PR001,12804.89
C08274,P018,PR037,21356.62
C08275,P018,PR036,22102.58
C08276,P001,PR037,2508.9
C08277,P083,PR041,7966.73
C08278,P025,PR019,20299.34
C08279,P002,PR041,16948.77
C08280,P068,PR006,21901.09
C08281,P028,PR050,2934.24
C08282,P062,PR003,9145.06
C08283,P029,PR032,18382.98
C08284,P094,PR010,15939.97
C08285,P078,PR029,19958.94
C08286,P033,PR048,1330.1
C08287,P012,PR046,24948.68
C08288,P060,PR044,13850.2
C08289,P096,PR025,24907.85
C08290,P092,PR001,3489.68
C08291,P044,PR050,3153.03
C08292,P023,PR011,22497.05
C08293,P023,PR005,20655.62
C08294,P056,PR048,22745.4
C08295,P067,PR031,23946.05
C08296,P086,PR038,7883.89
C08297,P043,PR034,17230.65
C08298,P005,PR020,5187.64
C08299,P020,PR012,9329.75
C08300,P054,PR012,16671.32
C08301,P083,PR001,11308.41
C08302,P081,PR025,9435.89
C08303,P068,PR017,11027.84
C08304,P063,PR008,1822.89
C08305,P067,PR019,22397.9
C08306,P080,PR005,10848.24
C08307,P094,PR050,218.74
C08308,P045,PR017,18990.8
C08309,P024,PR009,21050.92
C08310,P037,PR016,24340.47
C08311,P056,PR010,16687.07
C08312,P023,PR025,5133.96
C08313,P004,PR041,1777.13
C08314,P025,PR032,17155.2
C08315,P004,PR047,19382.49
C08316,P045,PR035,1412.61
C08317,P019,PR005,23059.83
C08318,P075,PR043,22343.62
C08319,P084,PR008,18633.9
C08320,P041,PR012,22784.49
C08321,P020,PR022,20472.5
C08322,P058,PR020,13844.9
C08323,P082,PR046,19957.62
C08324,P017,PR038,16526.4
C08325,P054,PR023,6231.21
C08326,P048,PR049,1271.84
C08327,P023,PR021,8427.36
C08328,P044,PR005,23937.9
C08329,P073,PR040,9365.06
C08330,P021,PR014,24920.38
C08331,P036,PR029,19776.97
C08332,P004,PR026,4597.6
C08333,P063,PR020,9032.44
C08334,P091,PR033,20767.34
C08335,P055,PR025,386.92
C08336,P023,PR019,22141.56
C08337,P024,PR032,10308.46
C08338,P060,PR032,2466.27
C08339,P026,PR008,12732.27
C08340,P079,PR020,22957.45
C08341,P022,PR037,9581.95
C08342,P055,PR044,17669.15
C08343,P094,PR035,20152.9
C08344,P066,PR039,15865.32
C08345,P078,PR021,5394.51
C08346,P022,PR048,5115.68
C08347,P013,PR014,17228.09
C08348,P075,PR034,4029.16
C08349,P049,PR017,5400.4
C08350,P056,PR026,22214.98
C08351,P079,PR028,22282.69
C08352,P048,PR046,11004.63
C08353,P070,PR039,10647.51
C08354,P064,PR045,21922.83
C08355,P082,PR003,17278.95
C08356,P066,PR039,13745.23
C08357,P001,PR042,24301.9
C08358,P046,PR005,2601.68
C08359,P083,PR015,19623.02
C08360,P012,PR004,12977.32
C08361,P093,PR003,2648.5
C08362,P019,PR024,17564.99
C08363,P066,PR004,5204.38
C08364,P095,PR041,1440.32
C08365,P066,PR017,11432.16
C08366,P048,PR039,10178.49
C08367,P031,PR035,19566.93
C08368,P074,PR003,8104.34
C08369,P023,PR001,20679.79
C08370,P060,PR011,1795.83
C08371,P016,PR042,24924.04
C08372,P087,PR027,21857.91
C08373,P046,PR029,3930.97
C08374,P043,PR015,22821.82
C08375,P075,PR033,7347.02
C08376,P077,PR027,10320.42
C08377,P073,PR012,7049.45
C08378,P018,PR035,16254.53
C08379,P032,PR043,21660.76
C08380,P015,PR007,5840.49
C08381,P094,PR038,8292.18
C08382,P081,PR029,21932.58
C08383,P092,PR050,24281.87
C08384,P017,PR018,18441.87
C08385,P050,PR039,13426.8
C08386,P065,PR028,10733.16
C08387,P089,PR032,22090.04
C08388,P076,PR003,18199.1
C08389,P068,PR028,5884.73
C08390,P098,PR024,14569.69
C08391,P086,PR013,10646.21
C08392,P020,PR049,11010.82
C08393,P073,PR048,5777.57
C08394,P048,PR038,17160.11
C08395,P059,PR042,13695.19
C08396,P033,PR005,14961.71
C08397,P022,PR039,5321.23
C08398,P064,PR031,17211.51
C08399,P068,PR038,16250.32
C08400,P077,PR026,4696.88
C08401,P033,PR002,11203.78
C08402,P056,PR035,23334.79
C08403,P077,PR010,8210.39
C08404,P094,PR012,16477.6
C08405,P051,PR036,13360.48
C08406,P076,PR017,3055.48
C08407,P027,PR001,1799.88
C08408,P083,PR025,12822.14
C08409,P096,PR040,3168.1
C08410,P051,PR040,15324.8
C08411,P069,PR026,5381.61
C08412,P069,PR020,4380.03
C08413,P035,PR013,12613.31
C08414,P017,PR031,23798.14
C08415,P038,PR011,20945.96
C08416,P034,PR004,11118.02
C08417,P061,PR004,2957.29
C08418,P097,PR035,15402.34
C08419,P020,PR038,11549.53
C08420,P010,PR017,19863.69
C08421,P081,PR040,19997.94
C08422,P071,PR050,7180.05
C08423,P048,PR050,17075.01
C08424,P019,PR028,16032.89
C08425,P006,PR045,13566.13
C08426,P068,PR008,23766.13
C08427,P024,PR019,12966.59
C08428,P060,PR007,7878.75
C08429,P079,PR045,1327.41
C08430,P013,PR005,6400.99
C08431,P057,PR038,17482.72
C08432,P040,PR010,19619.31
C08433,P095,PR002,767.11
C08434,P084,PR006,19293.76
C08435,P025,PR015,1793.33
C08436,P036,PR021,8008.6
C08437,P035,PR018,13824.95
C08438,P094,PR016,1893.24
C08439,P040,PR040,575.02
C08440,P024,PR040,16345.7
C08441,P096,PR007,19334.48
C08442,P017,PR027,17387.0
C08443,P093,PR032,24021.82
C08444,P062,PR041,157.02
C08445,P011,PR006,24015.16
C08446,P060,PR040,14522.76
C08447,P100,PR023,19935.6
C08448,P043,PR017,5997.59
C08449,P091,PR015,11332.69
C08450,P013,PR035,16561.47
C08451,P001,PR034,16048.29
C08452,P081,PR032,20539.08
C08453,P035,PR035,3950.43
C08454,P065,PR003,17350.77
C08455,P052,PR028,4877.71
C08456,P077,PR013,10091.54
C08457,P083,PR029,1275.73
C08458,P038,PR042,5443.23
C08459,P085,PR032,16953.49
C08460,P087,PR039,10864.29
C08461,P056,PR047,13801.67
C08462,P041,PR008,2132.45
C08463,P082,PR022,23789.14
C08464,P041,PR011,21844.1
C08465,P045,PR018,2894.8
C08466,P082,PR004,13513.62
C08467,P037,PR011,24734.51
C08468,P012,PR036,8839.15
C08469,P056,PR011,17022.02
C08470,P037,PR026,1134.55
C08471,P060,PR020,4329.24
C08472,P017,PR038,3647.36
C08473,P052,PR022,18863.71
C08474,P054,PR012,14516.11
C08475,P003,PR037,5872.62
C08476,P068,PR018,8097.49
C08477,P067,PR040,12054.71
C08478,P072,PR020,3542.83
C08479,P085,PR005,4373.23
C08480,P013,PR049,24880.66
C08481,P050,PR005,13968.0
C08482,P010,PR031,5401.61
C08483,P064,PR001,6565.18
C08484,P007,PR013,8193.37
C08485,P046,PR048,15570.32
C08486,P071,PR041,11969.6
C08487,P017,PR017,7581.61
C08488,P045,PR001,13564.43
C08489,P023,PR044,9606.36
C08490,P002,PR030,8285.74
C08491,P093,PR049,20604.82
C08492,P025,PR023,14958.37
C08493,P082,PR045,24737.7
C08494,P080,PR015,7477.22
C08495,P017,PR044,24296.23
C08496,P096,PR003,18643.78
C08497,P017,PR036,5302.23
C08498,P053,PR044,5466.04
C08499,P098,PR025,861.14
C08500,P069,PR014,13062.21
C08501,P070,PR032,13802.32
C08502,P039,PR024,7689.98
C08503,P018,PR022,5325.25
C08504,P009,PR033,22530.09
C08505,P058,PR003,2240.83
C08506,P044,PR011,16136.85
C08507,P075,PR008,5949.3
C08508,P099,PR019,8003.9
C08509,P026,PR023,928.62
C08510,P059,PR049,19012.86
C08511,P070,PR006,13175.95
C08512,P050,PR003,4017.39
C08513,P073,PR033,21648.22
C08514,P042,PR033,1702.31
C08515,P024,PR011,16764.45
C08516,P060,PR032,12819.62
C08517,P066,PR036,12195.78
C08518,P009,PR050,18718.91
C08519,P048,PR034,23715.12
C08520,P006,PR018,13684.06
C08521,P034,PR018,6411.96
C08522,P009,PR039,21661.7
C08523,P015,PR014,2875.77
C08524,P069,PR002,2485.4
C08525,P086,PR016,13132.17
C08526,P035,PR031,6663.94
C08527,P098,PR021,24958.58
C08528,P017,PR046,21150.54
C08529,P030,PR017,7332.3
C08530,P074,PR010,1925.51
C08531,P033,PR015,19576.85
C08532,P020,PR001,86.68
C08533,P038,PR016,3296.15
C08534,P083,PR016,15853.85
C08535,P006,PR044,3718.33
C08536,P053,PR043,21285.04
C08537,P051,PR007,10452.26
C08538,P010,PR036,252.99
C08539,P028,PR028,5938.86
C08540,P076,PR019,5904.79
C08541,P083,PR018,21654.75
C08542,P072,PR050,11168.67
C08543,P019,PR012,11769.6
C08544,P045,PR028,16833.75
C08545,P039,PR036,2988.62
C08546,P005,PR021,3649.29
C08547,P094,PR014,11674.74
C08548,P099,PR009,8519.41
C08549,P001,PR020,22013.36
C08550,P099,PR008,23476.8
C08551,P061,PR033,23109.08
C08552,P013,PR021,5828.6
C08553,P061,PR018,16932.08
C08554,P024,PR016,20024.69
C08555,P098,PR008,16425.37
C08556,P083,PR032,594.67
C08557,P071,PR039,2307.26
C08558,P091,PR048,2775.9
C08559,P062,PR010,23085.11
C08560,P066,PR028,16742.27
C08561,P072,PR027,8070.12
C08562,P047,PR022,19599.25
C08563,P016,PR002,5998.0
C08564,P087,PR011,976.11
C08565,P033,PR049,22940.99
C08566,P048,PR026,16209.51
C08567,P053,PR037,14380.72
C08568,P001,PR036,3856.87
C08569,P053,PR045,865.15
C08570,P052,PR011,18200.52
C08571,P099,PR004,2898.31
C08572,P020,PR041,3011.71
C08573,P043,PR043,13192.05
C08574,P032,PR016,19620.98
C08575,P019,PR012,17670.17
C08576,P061,PR011,13622.99
C08577,P032,PR018,18802.84
C08578,P040,PR034,17733.63
C08579,P098,PR047,12080.4
C08580,P044,PR011,19468.71
C08581,P091,PR018,283.45
C08582,P045,PR033,16369.05
C08583,P016,PR004,15035.22
C08584,P018,PR046,11071.64
C08585,P066,PR042,22411.04
C08586,P030,PR050,20532.07
C08587,P076,PR021,21900.6
C08588,P025,PR027,15120.02
C08589,P070,PR024,7996.14
C08590,P016,PR008,1920.19
C08591,P068,PR013,10797.07
C08592,P055,PR006,3782.18
C08593,P055,PR009,17840.09
C08594,P067,PR010,16187.61
C08595,P059,PR010,17453.52
C08596,P029,PR035,3175.63
C08597,P031,PR037,14009.09
C08598,P005,PR029,8162.65
C08599,P087,PR003,2233.44
C08600,P007,PR030,5486.42
C08601,P040,PR003,16579.89
C08602,P072,PR001,14479.97
C08603,P080,PR045,18123.53
C08604,P018,PR032,23075.47
C08605,P020,PR040,22714.24
C08606,P002,PR009,12943.26
C08607,P042,PR044,5672.29
C08608,P008,PR039,108.06
C08609,P006,PR025,11262.24
C08610,P038,PR046,2425.86
C08611,P061,PR020,11682.24
C08612,P090,PR002,10203.3
C08613,P038,PR016,11565.35
C08614,P083,PR013,5041.01
C08615,P024,PR012,14835.3
C08616,P078,PR003,19882.49
C08617,P066,PR003,10186.48
C08618,P057,PR019,10142.41
C08619,P038,PR021,19748.17
C08620,P003,PR015,12054.25
C08621,P026,PR009,8358.62
C08622,P089,PR011,6823.06
C08623,P050,PR049,10150.07
C08624,P010,PR032,5382.62
C08625,P059,PR023,14594.04
C08626,P050,PR012,3795.46
C08627,P041,PR037,2111.04
C08628,P096,PR044,11069.26
C08629,P069,PR004,14442.66
C08630,P038,PR025,14775.86
C08631,P071,PR042,9225.89
C08632,P083,PR047,15946.09
C08633,P082,PR014,22016.84
C08634,P039,PR042,23349.59
C08635,P057,PR035,15590.23
C08636,P018,PR026,12746.12
C08637,P089,PR022,15526.04
C08638,P044,PR021,23770.87
C08639,P030,PR046,19389.26
C08640,P036,PR022,21103.11
C08641,P020,PR011,1698.95
C08642,P088,PR012,24261.58
C08643,P032,PR026,24991.6
C08644,P021,PR050,588.36
C08645,P067,PR015,11208.43
C08646,P088,PR042,2349.06
C08647,P084,PR006,22129.76
C08648,P058,PR042,1222.71
C08649,P098,PR048,18191.69
C08650,P064,PR030,16114.63
C08651,P081,PR021,20046.24
C08652,P078,PR004,243.72
C08653,P008,PR046,14887.45
C08654,P089,PR014,18086.15
C08655,P088,PR003,5237.37
C08656,P038,PR037,3563.61
C08657,P065,PR025,4572.31
C08658,P080,PR044,22791.62
C08659,P082,PR025,8610.93
C08660,P100,PR012,12856.82
C08661,P016,PR017,21354.78
C08662,P015,PR017,15791.02
C08663,P033,PR040,16754.78
C08664,P062,PR042,1771.08
C08665,P077,PR042,24021.94
C08666,P077,PR025,12936.38
C08667,P007,PR004,24737.9
C08668,P091,PR023,7063.16
C08669,P039,PR020,5194.45
C08670,P047,PR018,9784.54
C08671,P044,PR035,8320.91
C08672,P097,PR023,17752.2
C08673,P084,PR030,9444.18
C08674,P066,PR045,23721.47
C08675,P078,PR013,5916.64
C08676,P036,PR019,19766.25
C08677,P083,PR030,19945.22
C08678,P019,PR017,22066.03
C08679,P043,PR040,13267.14
C08680,P012,PR010,17510.43
C08681,P026,PR018,10011.66
C08682,P025,PR029,6278.21
C08683,P035,PR048,20840.57
C08684,P041,PR049,6546.35
C08685,P013,PR029,7903.04
C08686,P068,PR024,701.43
C08687,P009,PR040,13310.82
C08688,P057,PR021,21031.17
C08689,P001,PR046,13539.2
C08690,P055,PR013,16865.2
C08691,P050,PR047,5143.09
C08692,P065,PR044,1548.92
C08693,P089,PR018,23304.36
C08694,P021,PR001,24879.12
C08695,P033,PR033,9988.73
C08696,P041,PR047,20690.88
C08697,P098,PR037,19804.18
C08698,P051,PR003,7630.5
C08699,P018,PR025,9771.79
C08700,P057,PR010,8166.38
C08701,P055,PR034,6334.96
C08702,P009,PR043,24103.68
C08703,P081,PR018,10523.17
C08704,P001,PR048,19329.28
C08705,P058,PR012,22358.87
C08706,P098,PR038,4513.44
C08707,P024,PR035,13526.77
C08708,P073,PR017,14825.05
C08709,P083,PR042,24986.96
C08710,P040,PR037,24006.77
C08711,P084,PR039,7023.97
C08712,P012,PR028,6678.1
C08713,P012,PR009,8025.08
C08714,P075,PR039,3365.34
C08715,P029,PR044,2740.83
C08716,P055,PR048,14990.39
C08717,P037,PR034,11867.98
C08718,P082,PR003,15467.5
C08719,P050,PR039,683.66
C08720,P084,PR042,20501.21
C08721,P007,PR036,18881.13
C08722,P066,PR049,13529.79
C08723,P079,PR050,8073.41
C08724,P021,PR038,24475.09
C08725,P067,PR029,8063.73
C08726,P067,PR035,13843.71
C08727,P055,PR030,20767.51
C08728,P097,PR034,7384.75
C08729,P001,PR012,12426.9
C08730,P039,PR046,24848.88
C08731,P022,PR048,1565.42
C08732,P006,PR025,5600.25
C08733,P095,PR026,7320.23
C08734,P011,PR040,2689.35
C08735,P042,PR024,9708.78
C08736,P005,PR014,4397.23
C08737,P020,PR035,3879.03
C08738,P098,PR004,737.03
C08739,P028,PR011,3064.5
C08740,P028,PR047,4727.67
C08741,P042,PR035,8856.01
C08742,P057,PR009,15363.24
C08743,P008,PR035,502.93
C08744,P079,PR015,19403.82
C08745,P016,PR034,7131.49
C08746,P062,PR002,13014.05
C08747,P032,PR009,14057.28
C08748,P046,PR040,11926.11
C08749,P078,PR004,3583.42
C08750,P081,PR008,517.26
C08751,P005,PR049,14392.95
C08752,P045,PR010,767.81
C08753,P070,PR047,3804.94
C08754,P092,PR048,16691.84
C08755,P013,PR006,3284.8
C08756,P072,PR025,8879.77
C08757,P019,PR002,19964.8
C08758,P062,PR026,20612.58
C08759,P024,PR012,15139.02
C08760,P096,PR005,5174.68
C08761,P038,PR038,13621.53
C08762,P057,PR007,23628.89
C08763,P085,PR031,21517.93
C08764,P010,PR012,3233.96
C08765,P098,PR017,22549.74
C08766,P031,PR026,16296.93
C08767,P089,PR045,24092.62
C08768,P092,PR032,20107.22
C08769,P098,PR039,22294.95
C08770,P004,PR021,6144.92
C08771,P010,PR038,17046.69
C08772,P013,PR021,23069.66
C08773,P075,PR014,24604.28
C08774,P013,PR040,2388.34
C08775,P031,PR037,12735.01
C08776,P016,PR039,11581.49
C08777,P100,PR012,17336.78
C08778,P080,PR044,9650.02
C08779,P017,PR007,24649.71
C08780,P032,PR032,17459.49
C08781,P048,PR032,11347.03
C08782,P048,PR020,19725.36
C08783,P016,PR022,9942.89
C08784,P093,PR011,3970.79
C08785,P048,PR038,9787.42
C08786,P092,PR049,18156.33
C08787,P075,PR013,20109.42
C08788,P001,PR017,5375.22
C08789,P090,PR019,20927.06
C08790,P051,PR043,13904.72
C08791,P053,PR008,9587.35
C08792,P070,PR048,24875.26
C08793,P065,PR019,9837.44
C08794,P021,PR048,22476.85
C08795,P067,PR041,1372.66
C08796,P099,PR019,9051.44
C08797,P078,PR014,18161.6
C08798,P097,PR029,13213.04
C08799,P002,PR006,4727.81
C08800,P039,PR017,9500.43
C08801,P052,PR010,24450.77
C08802,P014,PR047,14150.39
C08803,P080,PR004,24397.73
C08804,P089,PR035,7976.62
C08805,P009,PR046,1755.92
C08806,P044,PR046,4565.09
C08807,P045,PR044,6438.61
C08808,P017,PR027,18172.4
C08809,P082,PR009,5954.73
C08810,P014,PR032,22729.93
C08811,P025,PR049,3757.09
C08812,P082,PR035,5525.82
C08813,P026,PR009,5304.59
C08814,P045,PR015,2224.56
C08815,P093,PR015,16133.89
C08816,P017,PR016,20002.1
C08817,P035,PR006,6608.12
C08818,P021,PR019,963.89
C08819,P030,PR017,13428.34
C08820,P096,PR019,2262.41
C08821,P020,PR048,21472.55
C08822,P050,PR011,2036.43
C08823,P036,PR011,20557.29
C08824,P096,PR003,24789.06
C08825,P033,PR009,18464.02
C08826,P094,PR037,18202.63
C08827,P045,PR036,14918.04
C08828,P056,PR046,13182.56
C08829,P072,PR045,20496.7
C08830,P076,PR036,20865.41
C08831,P055,PR050,6308.48
C08832,P095,PR031,17942.7
C08833,P077,PR034,7328.52
C08834,P025,PR024,6901.33
C08835,P064,PR026,16828.94
C08836,P073,PR041,12589.7
C08837,P002,PR035,9639.86
C08838,P067,PR039,23407.76
C08839,P064,PR013,11156.98
C08840,P003,PR030,52.56
C08841,P097,PR027,22034.32
C08842,P002,PR049,9285.82
C08843,P054,PR020,8569.16
C08844,P084,PR026,11922.25
C08845,P019,PR019,14975.29
C08846,P072,PR027,24556.0
C08847,P071,PR012,12824.04
C08848,P094,PR004,22844.16
C08849,P002,PR008,24595.08
C08850,P031,PR044,10046.38
C08851,P063,PR018,13950.41
C08852,P086,PR050,24404.07
C08853,P072,PR009,6831.67
C08854,P090,PR046,10449.42
C08855,P035,PR020,8152.48
C08856,P079,PR047,7165.32
C08857,P032,PR005,2660.07
C08858,P042,PR028,22140.42
C08859,P070,PR001,13679.94
C08860,P017,PR019,1735.32
C08861,P033,PR044,2227.48
C08862,P048,PR010,19126.81
C08863,P056,PR006,15099.55
C08864,P020,PR027,3230.48
C08865,P088,PR049,12482.87
C08866,P053,PR042,17428.31
C08867,P009,PR011,19099.0
C08868,P025,PR002,14257.04
C08869,P030,PR027,5375.83
C08870,P059,PR019,2902.35
C08871,P003,PR042,21220.7
C08872,P099,PR024,614.45
C08873,P074,PR011,19686.84
C08874,P012,PR032,15941.88
C08875,P021,PR044,14505.78
C08876,P063,PR005,9719.3
C08877,P063,PR004,1160.66
C08878,P044,PR035,11369.07
C08879,P058,PR021,3909.34
C08880,P080,PR038,878.35
C08881,P071,PR015,8714.85
C08882,P023,PR023,24445.8
C08883,P001,PR036,21388.0
C08884,P066,PR027,5776.2
C08885,P014,PR045,8281.69
C08886,P007,PR035,16211.77
C08887,P082,PR021,4122.62
C08888,P079,PR037,20005.19
C08889,P035,PR012,14576.7
C08890,P013,PR014,2970.32
C08891,P085,PR030,7967.82
C08892,P016,PR015,14604.9
C08893,P058,PR031,22641.38
C08894,P081,PR005,302.84
C08895,P094,PR012,24535.6
C08896,P030,PR025,3605.76
C08897,P016,PR017,8212.71
C08898,P005,PR026,6407.3
C08899,P020,PR003,20354.07
C08900,P089,PR028,15027.01
C08901,P041,PR006,175.61
C08902,P010,PR017,13484.25
C08903,P090,PR003,20391.75
C08904,P050,PR012,23019.95
C08905,P049,PR033,8007.75
C08906,P090,PR024,4046.57
C08907,P007,PR001,20793.55
C08908,P007,PR048,3421.57
C08909,P045,PR018,187.45
C08910,P056,PR037,15920.48
C08911,P097,PR009,13879.09
C08912,P041,PR014,12674.52
C08913,P001,PR044,23272.52
C08914,P081,PR007,7227.34
C08915,P029,PR028,19802.02
C08916,P024,PR048,16329.33
C08917,P063,PR022,7800.28
C08918,P013,PR015,20816.04
C08919,P001,PR014,16092.53
C08920,P067,PR036,9255.24
C08921,P093,PR018,5591.45
C08922,P025,PR044,2898.16
C08923,P025,PR020,4787.09
C08924,P044,PR020,20538.73
C08925,P092,PR009,16109.42
C08926,P049,PR027,2968.55
C08927,P085,PR013,4509.5
C08928,P040,PR036,13193.56
C08929,P094,PR041,3597.48
C08930,P024,PR019,14976.89
C08931,P009,PR002,20808.91
C08932,P100,PR042,12957.15
C08933,P096,PR012,6229.06
C08934,P064,PR021,18587.61
C08935,P072,PR008,1315.35
C08936,P043,PR013,10074.28
C08937,P066,PR013,11383.15
C08938,P003,PR044,22897.32
C08939,P032,PR032,9229.18
C08940,P056,PR042,22204.18
C08941,P050,PR023,22428.56
C08942,P023,PR049,12455.34
C08943,P096,PR010,17237.76
C08944,P031,PR010,20123.5
C08945,P067,PR014,161.79
C08946,P052,PR022,8634.62
C08947,P015,PR004,4920.99
C08948,P029,PR041,9382.6
C08949,P008,PR038,7418.63
C08950,P021,PR019,1209.63
C08951,P048,PR017,24656.75
C08952,P050,PR024,21277.19
C08953,P093,PR036,1481.04
C08954,P030,PR037,6412.56
C08955,P034,PR014,24794.45
C08956,P089,PR010,6518.75
C08957,P065,PR034,1555.53
C08958,P092,PR046,432.28
C08959,P064,PR036,5952.92
C08960,P085,PR012,24386.0
C08961,P042,PR024,21266.15
C08962,P038,PR039,4191.73
C08963,P037,PR031,7159.27
C08964,P053,PR024,19856.5
C08965,P024,PR019,21672.94
C08966,P060,PR039,22939.89
C08967,P057,PR042,198.16
C08968,P040,PR046,10062.79
C08969,P095,PR005,16902.87
C08970,P047,PR044,11250.65
C08971,P063,PR020,22497.69
C08972,P066,PR022,9923.75
C08973,P094,PR025,479.18
C08974,P077,PR010,2333.41
C08975,P044,PR050,24392.17
C08976,P044,PR023,15809.18
C08977,P035,PR017,22008.02
C08978,P035,PR031,16894.97
C08979,P051,PR025,8865.39
C08980,P068,PR043,1059.66
C08981,P017,PR023,14654.46
C08982,P006,PR031,6771.02
C08983,P034,PR009,3190.57
C08984,P047,PR014,2697.64
C08985,P062,PR043,2258.52
C08986,P031,PR009,22116.84
C08987,P045,PR018,22587.41
C08988,P077,PR003,10237.46
C08989,P096,PR001,8179.42
C08990,P089,PR012,6249.94
C08991,P060,PR006,15561.49
C08992,P044,PR001,1364.11
C08993,P096,PR041,10044.45
C08994,P038,PR026,11486.92
C08995,P037,PR024,12249.64
C08996,P054,PR037,6728.48
C08997,P022,PR030,9828.47
C08998,P081,PR018,298.53
C08999,P042,PR041,12855.9
C09000,P025,PR022,11783.25
C09001,P045,PR016,19085.23
C09002,P024,PR043,8903.38
C09003,P036,PR003,16320.2
C09004,P078,PR031,6202.8
C09005,P089,PR040,11883.53
C09006,P090,PR026,3300.69
C09007,P042,PR008,2821.7
C09008,P100,PR050,4632.84
C09009,P003,PR043,23713.78
C09010,P059,PR014,15930.04
C09011,P006,PR032,18606.08
C09012,P071,PR026,24545.37
C09013,P095,PR040,3656.99
C09014,P066,PR016,21780.32
C09015,P081,PR002,22513.66
C09016,P100,PR038,15478.06
C09017,P034,PR018,11411.99
C09018,P088,PR047,20537.34
C09019,P056,PR044,3737.66
C09020,P028,PR017,4876.8
C09021,P076,PR048,24243.04
C09022,P084,PR001,21583.79
C09023,P021,PR004,20871.1
C09024,P100,PR020,12417.69
C09025,P027,PR011,1655.96
C09026,P020,PR012,7131.88
C09027,P046,PR027,8475.42
C09028,P084,PR013,18845.72
C09029,P036,PR027,17695.52
C09030,P030,PR009,10979.1
C09031,P023,PR001,19712.35
C09032,P080,PR038,2288.01
C09033,P083,PR031,723.88
C09034,P092,PR031,9259.75
C09035,P053,PR037,8952.83
C09036,P055,PR004,20688.08
C09037,P073,PR007,10001.27
C09038,P022,PR005,18435.85
C09039,P035,PR042,20299.52
C09040,P074,PR037,5940.47
C09041,P014,PR006,18665.49
C09042,P009,PR029,23387.36
C09043,P026,PR001,20793.52
C09044,P082,PR039,14354.89
C09045,P085,PR027,18336.49
C09046,P047,PR009,13183.89
C09047,P077,PR014,6845.33
C09048,P084,PR004,706.39
C09049,P024,PR023,21311.16
C09050,P066,PR044,24756.72
C09051,P013,PR040,23564.47
C09052,P002,PR034,3237.72
C09053,P083,PR006,10805.59
C09054,P009,PR047,22507.86
C09055,P080,PR046,12728.75
C09056,P078,PR040,19909.17
C09057,P063,PR015,23396.57
C09058,P074,PR035,16750.19
C09059,P045,PR046,6037.23
C09060,P091,PR004,6520.41
C09061,P090,PR018,18154.03
C09062,P053,PR034,22608.67
C09063,P048,PR015,3016.83
C09064,P085,PR041,19410.16
C09065,P100,PR045,10128.01
C09066,P036,PR034,15865.94
C09067,P048,PR043,867.97
C09068,P092,PR044,23472.41
C09069,P094,PR049,2044.57
C09070,P041,PR013,5049.94
C09071,P040,PR013,12606.6
C09072,P052,PR020,10144.03
C09073,P030,PR020,4214.48
C09074,P092,PR032,22866.27
C09075,P084,PR032,10475.62
C09076,P043,PR047,24695.17
C09077,P047,PR005,19850.42
C09078,P081,PR017,1895.2
C09079,P018,PR029,3744.91
C09080,P053,PR022,17768.8
C09081,P043,PR012,21516.8
C09082,P025,PR019,13340.71
C09083,P055,PR008,14328.88
C09084,P081,PR022,12088.83
C09085,P054,PR043,7870.15
C09086,P041,PR007,8981.28
C09087,P099,PR035,11566.65
C09088,P082,PR038,6582.19
C09089,P046,PR041,16114.81
C09090,P070,PR003,2315.72
C09091,P042,PR024,21015.29
C09092,P049,PR037,14982.98
C09093,P027,PR036,15344.19
C09094,P044,PR039,1037.84
C09095,P028,PR011,18470.85
C09096,P067,PR030,14656.44
C09097,P070,PR036,9911.2
C09098,P025,PR034,6990.08
C09099,P084,PR024,9296.94
C09100,P041,PR027,5351.33
C09101,P001,PR046,17699.75
C09102,P002,PR010,16243.18
C09103,P050,PR004,13217.77
C09104,P049,PR020,16801.59
C09105,P100,PR001,13833.7
C09106,P064,PR004,10051.6
C09107,P037,PR035,2441.79
C09108,P053,PR006,14130.93
C09109,P012,PR006,18358.25
C09110,P040,PR041,2981.17
C09111,P006,PR018,14194.33
C09112,P090,PR034,13109.97
C09113,P076,PR019,12797.39
C09114,P085,PR026,24878.12
C09115,P069,PR046,17087.57
C09116,P040,PR005,4500.57
C09117,P044,PR002,9449.2
C09118,P082,PR012,20286.26
C09119,P062,PR017,18314.22
C09120,P022,PR008,8195.7
C09121,P051,PR011,12989.05
C09122,P014,PR033,15335.74
C09123,P079,PR036,8715.57
C09124,P095,PR007,3659.33
C09125,P093,PR025,7193.34
C09126,P061,PR036,8934.57
C09127,P040,PR021,6555.83
C09128,P016,PR049,5420.04
C09129,P070,PR020,15721.2
C09130,P042,PR025,15331.39
C09131,P076,PR026,4575.69
C09132,P066,PR045,3831.2
C09133,P018,PR013,11554.96
C09134,P077,PR042,5500.87
C09135,P020,PR022,145.85
C09136,P050,PR007,10235.57
C09137,P038,PR034,7085.44
C09138,P098,PR028,5235.71
C09139,P035,PR037,7341.67
C09140,P094,PR018,8932.19
C09141,P020,PR038,6965.11
C09142,P070,PR003,7634.9
C09143,P054,PR018,8145.83
C09144,P021,PR006,21013.83
C09145,P005,PR006,12439.21
C09146,P008,PR039,18142.02
C09147,P020,PR007,4313.67
C09148,P082,PR043,7339.62
C09149,P034,PR010,20713.96
C09150,P030,PR032,1980.33
C09151,P053,PR010,12065.1
C09152,P069,PR033,16035.73
C09153,P081,PR020,11928.31
C09154,P078,PR011,11124.98
C09155,P054,PR039,9491.3
C09156,P039,PR023,15020.67
C09157,P076,PR035,12667.89
C09158,P025,PR043,9399.38
C09159,P057,PR005,11132.24
C09160,P013,PR026,7287.83
C09161,P034,PR011,6919.58
C09162,P017,PR044,23668.05
C09163,P068,PR039,17040.7
C09164,P021,PR037,23713.83
C09165,P085,PR016,291.64
C09166,P092,PR020,22381.94
C09167,P095,PR024,5054.42
C09168,P008,PR010,6060.17
C09169,P030,PR048,19223.65
C09170,P059,PR030,14406.69
C09171,P091,PR005,9172.91
C09172,P039,PR012,4575.46
C09173,P059,PR034,20590.44
C09174,P095,PR017,9236.21
C09175,P062,PR016,17321.42
C09176,P011,PR015,2526.41
C09177,P027,PR046,17925.17
C09178,P055,PR029,4654.84
C09179,P089,PR039,1162.16
C09180,P017,PR018,13161.54
C09181,P070,PR022,7156.04
C09182,P021,PR017,13825.47
C09183,P076,PR032,9477.75
C09184,P061,PR042,13723.24
C09185,P044,PR008,5680.05
C09186,P080,PR005,23842.48
C09187,P089,PR049,15549.16
C09188,P040,PR004,5435.31
C09189,P001,PR046,15614.31
C09190,P009,PR032,22326.94
C09191,P014,PR025,429.65
C09192,P026,PR026,19736.27
C09193,P046,PR030,12749.09
C09194,P032,PR019,8109.17
C09195,P098,PR026,4445.79
C09196,P064,PR044,4570.25
C09197,P053,PR012,20230.14
C09198,P022,PR040,4696.02
C09199,P054,PR044,19174.01
C09200,P034,PR027,8068.68
C09201,P095,PR037,16393.83
C09202,P029,PR018,21317.6
C09203,P082,PR027,12836.94
C09204,P065,PR012,1276.2
C09205,P021,PR042,14562.39
C09206,P069,PR028,20959.69
C09207,P075,PR010,20888.95
C09208,P089,PR007,4447.62
C09209,P007,PR029,11861.51
C09210,P020,PR013,1125.79
C09211,P014,PR046,13868.92
C09212,P017,PR050,17156.55
C09213,P097,PR017,15310.48
C09214,P005,PR040,11792.39
C09215,P017,PR007,2087.87
C09216,P045,PR035,2642.47
C09217,P091,PR047,23920.18
C09218,P022,PR037,882.67
C09219,P068,PR030,13733.68
C09220,P005,PR027,13328.83
C09221,P080,PR014,7655.61
C09222,P008,PR018,2615.01
C09223,P098,PR005,24761.31
C09224,P064,PR009,22455.2
C09225,P061,PR021,21900.61
C09226,P018,PR038,10056.17
C09227,P066,PR035,3431.43
C09228,P057,PR012,20537.91
C09229,P073,PR004,5238.2
C09230,P027,PR003,24583.18
C09231,P019,PR002,20179.4
C09232,P030,PR007,21838.5
C09233,P023,PR041,14625.75
C09234,P022,PR016,16478.11
C09235,P065,PR034,11710.96
C09236,P005,PR030,1369.17
C09237,P038,PR011,13377.15
C09238,P039,PR024,14187.43
C09239,P088,PR041,2902.39
C09240,P022,PR035,8334.31
C09241,P047,PR027,12735.85
C09242,P001,PR040,22660.5
C09243,P047,PR029,12598.01
C09244,P015,PR012,6977.56
C09245,P055,PR006,23611.42
C09246,P021,PR007,24226.72
C09247,P043,PR033,14746.31
C09248,P076,PR004,14064.31
C09249,P001,PR014,15239.04
C09250,P081,PR030,13997.29
C09251,P079,PR004,2854.61
C09252,P065,PR047,13247.74
C09253,P090,PR029,17478.99
C09254,P078,PR018,9214.22
C09255,P061,PR047,497.74
C09256,P067,PR041,22990.19
C09257,P006,PR006,24153.04
C09258,P070,PR031,8758.1
C09259,P067,PR014,8043.13
C09260,P049,PR002,14960.6
C09261,P036,PR017,13850.14
C09262,P053,PR012,16129.18
C09263,P071,PR031,19230.84
C09264,P099,PR036,11893.65
C09265,P064,PR041,17427.85
C09266,P022,PR034,19718.57
C09267,P028,PR012,7234.83
C09268,P028,PR006,1212.72
C09269,P077,PR002,18777.27
C09270,P054,PR001,18772.28
C09271,P050,PR024,5978.17
C09272,P095,PR016,19774.2
C09273,P079,PR026,8912.2
C09274,P005,PR012,20594.93
C09275,P022,PR029,9013.37
C09276,P074,PR030,8321.05
C09277,P068,PR050,10366.27
C09278,P012,PR008,10120.3
C09279,P074,PR038,542.24
C09280,P062,PR035,22180.12
C09281,P035,PR048,23819.65
C09282,P065,PR005,1055.12
C09283,P021,PR036,24591.12
C09284,P053,PR015,4349.01
C09285,P034,PR010,14762.71
C09286,P089,PR025,19371.99
C09287,P078,PR027,24654.14
C09288,P097,PR032,20294.87
C09289,P094,PR033,19818.7
C09290,P042,PR013,12221.74
C09291,P046,PR048,967.65
C09292,P082,PR037,11383.84
C09293,P095,PR008,10766.85
C09294,P017,PR039,12909.69
C09295,P052,PR015,4362.42
C09296,P003,PR041,21032.89
C09297,P024,PR042,22881.55
C09298,P071,PR007,21507.21
C09299,P022,PR020,22639.8
C09300,P024,PR043,11701.77
C09301,P046,PR022,4263.12
C09302,P096,PR015,19301.06
C09303,P093,PR039,11990.15
C09304,P032,PR023,16462.49
C09305,P053,PR021,21060.38
C09306,P100,PR049,19768.63
C09307,P040,PR030,20739.25
C09308,P085,PR008,23078.48
C09309,P099,PR026,18149.62
C09310,P050,PR050,19070.39
C09311,P100,PR049,12777.34
C09312,P087,PR006,12905.88
C09313,P098,PR036,19690.65
C09314,P065,PR017,3073.93
C09315,P057,PR042,2583.18
C09316,P063,PR011,20601.58
C09317,P004,PR046,23351.45
C09318,P032,PR041,3074.45
C09319,P066,PR032,24251.33
C09320,P004,PR003,17895.69
C09321,P034,PR027,15660.47
C09322,P016,PR017,9515.3
C09323,P021,PR012,10587.7
C09324,P087,PR029,1977.22
C09325,P049,PR045,24449.68
C09326,P066,PR018,2252.12
C09327,P059,PR015,8241.54
C09328,P085,PR038,20351.35
C09329,P078,PR032,856.18
C09330,P048,PR036,5800.86
C09331,P066,PR012,14227.41
C09332,P007,PR004,6376.15
C09333,P033,PR041,9737.36
C09334,P047,PR036,8239.6
C09335,P011,PR027,20363.54
C09336,P063,PR023,5993.26
C09337,P093,PR038,5852.38
C09338,P043,PR027,18039.1
C09339,P035,PR050,18535.45
C09340,P070,PR036,2560.33
C09341,P005,PR029,13485.89
C09342,P074,PR018,10703.56
C09343,P055,PR050,8179.08
C09344,P065,PR002,14298.44
C09345,P088,PR025,24601.96
C09346,P034,PR017,22051.41
C09347,P048,PR007,15430.95
C09348,P034,PR032,3612.21
C09349,P082,PR027,11884.57
C09350,P002,PR035,13512.74
C09351,P055,PR017,7942.12
C09352,P069,PR034,11386.59
C09353,P083,PR011,700.38
C09354,P046,PR045,11575.66
C09355,P034,PR010,21625.2
C09356,P081,PR010,51.71
C09357,P093,PR019,19160.29
C09358,P013,PR040,23433.82
C09359,P098,PR002,7853.26
C09360,P048,PR022,310.13
C09361,P068,PR005,17239.87
C09362,P001,PR031,9964.72
C09363,P029,PR043,4470.58
C09364,P088,PR050,8037.53
C09365,P092,PR045,507.39
C09366,P062,PR025,5786.92
C09367,P093,PR045,657.77
C09368,P051,PR005,15729.74
C09369,P017,PR010,10734.18
C09370,P065,PR003,318.6
C09371,P067,PR023,19612.94
C09372,P044,PR018,4146.56
C09373,P052,PR037,9561.16
C09374,P044,PR003,23258.12
C09375,P090,PR019,12412.76
C09376,P068,PR042,21905.02
C09377,P096,PR005,9077.43
C09378,P077,PR026,14707.62
C09379,P027,PR036,8274.33
C09380,P027,PR033,4926.75
C09381,P068,PR031,7680.66
C09382,P064,PR031,9110.86
C09383,P045,PR047,12360.03
C09384,P032,PR047,16106.04
C09385,P059,PR022,877.39
C09386,P071,PR033,17407.63
C09387,P053,PR036,9237.52
C09388,P030,PR021,2585.78
C09389,P050,PR008,5045.18
C09390,P043,PR006,4323.86
C09391,P048,PR024,16798.08
C09392,P013,PR040,18613.39
C09393,P091,PR042,240.43
C09394,P050,PR048,9437.08
C09395,P100,PR012,16511.12
C09396,P013,PR049,10894.21
C09397,P097,PR017,5835.21
C09398,P043,PR021,17962.4
C09399,P034,PR025,224.2
C09400,P071,PR040,8594.57
C09401,P054,PR029,14312.41
C09402,P012,PR013,13978.58
C09403,P069,PR047,8937.14
C09404,P022,PR016,8364.43
C09405,P016,PR026,12523.37
C09406,P058,PR024,14586.42
C09407,P034,PR030,18550.86
C09408,P033,PR008,9752.03
C09409,P031,PR029,20610.66
C09410,P098,PR033,14381.86
C09411,P091,PR050,12186.55
C09412,P021,PR043,10559.62
C09413,P063,PR034,13601.64
C09414,P079,PR009,9421.26
C09415,P032,PR019,392.15
C09416,P011,PR039,21298.09
C09417,P088,PR026,4282.94
C09418,P059,PR045,16482.73
C09419,P042,PR014,18091.51
C09420,P039,PR027,12087.26
C09421,P043,PR013,19870.36
C09422,P011,PR001,2361.18
C09423,P092,PR033,13653.14
C09424,P079,PR019,13174.67
C09425,P018,PR016,8310.48
C09426,P063,PR036,15881.82
C09427,P016,PR029,17279.4
C09428,P025,PR037,10285.08
C09429,P058,PR010,16440.02
C09430,P056,PR028,22460.47
C09431,P015,PR007,14207.07
C09432,P041,PR021,898.62
C09433,P006,PR045,13416.83
C09434,P049,PR009,21620.31
C09435,P005,PR001,8686.64
C09436,P007,PR042,19505.2
C09437,P042,PR013,1059.59
C09438,P018,PR028,14909.32
C09439,P064,PR041,17316.24
C09440,P063,PR050,18991.78
C09441,P076,PR020,12929.85
C09442,P040,PR050,13579.58
C09443,P073,PR039,16150.25
C09444,P058,PR039,24708.72
C09445,P093,PR050,7142.83
C09446,P046,PR031,1062.9
C09447,P054,PR021,24636.08
C09448,P016,PR014,20666.65
C09449,P099,PR048,12382.63
C09450,P021,PR027,21716.86
C09451,P076,PR007,24969.14
C09452,P011,PR005,20853.59
C09453,P063,PR035,17868.56
C09454,P046,PR014,13083.81
C09455,P023,PR011,20169.06
C09456,P032,PR005,6960.97
C09457,P056,PR043,6525.76
C09458,P091,PR031,9729.46
C09459,P009,PR042,14064.15
C09460,P068,PR028,9375.16
C09461,P089,PR047,7620.15
C09462,P098,PR032,10471.83
C09463,P005,PR023,750.32
C09464,P041,PR030,14705.21
C09465,P081,PR027,7509.18
C09466,P047,PR048,12006.19
C09467,P012,PR011,16300.54
C09468,P055,PR036,6087.44
C09469,P023,PR029,23292.33
C09470,P015,PR024,15317.38
C09471,P047,PR029,9283.06
C09472,P085,PR030,962.18
C09473,P057,PR010,18452.29
C09474,P009,PR016,856.49
C09475,P017,PR027,2665.0
C09476,P083,PR027,24585.56
C09477,P012,PR026,10312.77
C09478,P018,PR012,14990.12
C09479,P058,PR005,20986.76
C09480,P049,PR002,15370.44
C09481,P061,PR044,23899.89
C09482,P005,PR047,6634.06
C09483,P001,PR049,19590.55
C09484,P011,PR039,6502.42
C09485,P058,PR040,17177.02
C09486,P004,PR023,21125.96
C09487,P011,PR024,10067.91
C09488,P063,PR003,7121.74
C09489,P061,PR012,14284.05
C09490,P087,PR022,2305.99
C09491,P041,PR001,7346.66
C09492,P021,PR046,16456.59
C09493,P038,PR037,20976.17
C09494,P067,PR001,451.0
C09495,P083,PR004,20244.17
C09496,P043,PR030,3425.47
C09497,P071,PR015,4033.32
C09498,P019,PR010,6340.52
C09499,P065,PR041,8696.39
C09500,P080,PR006,2457.69
C09501,P048,PR019,5323.52
C09502,P081,PR019,22224.57
C09503,P033,PR003,18230.41
C09504,P049,PR007,21750.07
C09505,P006,PR045,11486.88
C09506,P035,PR028,4683.29
C09507,P066,PR001,14301.64
C09508,P087,PR041,7900.26
C09509,P024,PR002,17399.24
C09510,P051,PR005,8253.6
C09511,P075,PR008,17582.4
C09512,P069,PR003,7132.33
C09513,P098,PR007,21969.24
C09514,P015,PR039,24434.1
C09515,P097,PR014,13850.04
C09516,P005,PR049,19230.22
C09517,P004,PR005,160.79
C09518,P017,PR015,15744.55
C09519,P096,PR005,6770.07
C09520,P085,PR046,6890.63
C09521,P014,PR044,17486.63
C09522,P048,PR044,7608.82
C09523,P043,PR028,14741.05
C09524,P066,PR048,12253.95
C09525,P087,PR039,9015.2
C09526,P027,PR045,13362.64
C09527,P079,PR044,3303.83
C09528,P058,PR040,7730.71
C09529,P002,PR017,20410.82
C09530,P040,PR027,22869.87
C09531,P050,PR010,5824.35
C09532,P076,PR019,21064.55
C09533,P018,PR004,7739.54
C09534,P051,PR023,18173.43
C09535,P018,PR005,7113.92
C09536,P064,PR028,6791.34
C09537,P078,PR042,5894.51
C09538,P013,PR035,16355.33
C09539,P025,PR005,13607.39
C09540,P027,PR001,5447.3
C09541,P094,PR016,18839.1
C09542,P005,PR019,13448.42
C09543,P025,PR019,8615.96
C09544,P045,PR003,16839.01
C09545,P069,PR042,8702.15
C09546,P018,PR044,13734.52
C09547,P085,PR029,19465.12
C09548,P009,PR028,16694.85
C09549,P041,PR024,14717.75
C09550,P069,PR029,2842.15
C09551,P100,PR010,5519.98
C09552,P025,PR006,2344.45
C09553,P064,PR021,22269.75
C09554,P050,PR046,9792.84
C09555,P075,PR048,17626.19
C09556,P052,PR002,23408.86
C09557,P050,PR004,22587.12
C09558,P022,PR025,5425.16
C09559,P013,PR024,344.86
C09560,P008,PR010,11933.7
C09561,P009,PR042,598.1
C09562,P015,PR036,10022.5
C09563,P002,PR021,17330.51
C09564,P089,PR033,7068.46
C09565,P025,PR042,14147.19
C09566,P006,PR020,24077.3
C09567,P099,PR028,22035.19
C09568,P018,PR018,69.09
C09569,P034,PR012,24615.09
C09570,P073,PR041,16150.93
C09571,P089,PR033,11376.84
C09572,P042,PR050,14622.03
C09573,P097,PR023,16431.55
C09574,P079,PR049,10764.32
C09575,P030,PR045,11824.6
C09576,P002,PR032,7484.67
C09577,P039,PR004,8177.97
C09578,P096,PR010,21514.12
C09579,P097,PR045,21559.87
C09580,P043,PR050,16544.11
C09581,P037,PR046,16725.71
C09582,P048,PR043,20235.04
C09583,P090,PR001,4215.53
C09584,P046,PR047,18551.2
C09585,P098,PR014,23187.24
C09586,P086,PR027,22418.9
C09587,P002,PR018,3255.69
C09588,P043,PR031,20150.63
C09589,P020,PR037,10051.51
C09590,P047,PR026,13718.75
C09591,P062,PR015,6230.41
C09592,P090,PR032,14044.75
C09593,P099,PR045,17107.21
C09594,P062,PR007,4005.48
C09595,P025,PR030,1195.81
C09596,P008,PR049,9817.54
C09597,P024,PR007,18678.23
C09598,P029,PR030,17007.16
C09599,P094,PR015,626.36
C09600,P040,PR013,1446.88
C09601,P053,PR002,17773.57
C09602,P061,PR012,9668.68
C09603,P048,PR024,13894.72
C09604,P032,PR029,12756.6
C09605,P021,PR024,3189.95
C09606,P044,PR035,18579.62
C09607,P079,PR037,5196.39
C09608,P082,PR043,9245.2
C09609,P057,PR005,23026.41
C09610,P100,PR024,12514.95
C09611,P048,PR008,13299.13
C09612,P025,PR019,23527.14
C09613,P010,PR009,14311.98
C09614,P037,PR018,18226.52
C09615,P045,PR019,11888.32
C09616,P041,PR050,3287.84
C09617,P069,PR028,10808.36
C09618,P078,PR001,11319.67
C09619,P002,PR043,6914.07
C09620,P034,PR036,13433.72
C09621,P093,PR006,19216.09
C09622,P036,PR011,13670.94
C09623,P037,PR048,11151.21
C09624,P066,PR046,2251.57
C09625,P089,PR001,18273.17
C09626,P003,PR007,23979.01
C09627,P085,PR042,12053.25
C09628,P075,PR011,20090.44
C09629,P074,PR044,22577.95
C09630,P025,PR020,8282.72
C09631,P019,PR005,8449.66
C09632,P097,PR011,9326.57
C09633,P045,PR003,13927.32
C09634,P061,PR002,11050.45
C09635,P041,PR016,18654.49
C09636,P050,PR008,6669.81
C09637,P075,PR014,16167.98
C09638,P078,PR007,5804.16
C09639,P094,PR002,9122.94
C09640,P065,PR023,15498.25
C09641,P006,PR019,6009.37
C09642,P005,PR036,9363.09
C09643,P070,PR016,16109.1
C09644,P015,PR038,1956.07
C09645,P058,PR010,1927.17
C09646,P019,PR013,20546.6
C09647,P028,PR029,8035.8
C09648,P076,PR024,22494.27
C09649,P091,PR021,17731.29
C09650,P098,PR044,11674.47
C09651,P014,PR036,5071.48
C09652,P008,PR036,2024.52
C09653,P009,PR038,2212.56
C09654,P055,PR043,10612.86
C09655,P067,PR036,10541.93
C09656,P008,PR049,2308.33
C09657,P077,PR020,20599.79
C09658,P038,PR046,13513.5
C09659,P012,PR004,6494.79
C09660,P062,PR022,14855.21
C09661,P007,PR001,21171.04
C09662,P080,PR001,554.17
C09663,P072,PR001,8662.44
C09664,P063,PR033,9358.4
C09665,P052,PR040,18466.29
C09666,P083,PR029,3859.8
C09667,P046,PR048,21304.6
C09668,P084,PR049,19870.46
C09669,P057,PR026,5108.36
C09670,P056,PR006,16506.31
C09671,P053,PR047,7734.57
C09672,P046,PR044,21568.0
C09673,P010,PR036,14261.24
C09674,P083,PR001,18927.12
C09675,P010,PR019,15129.18
C09676,P045,PR011,14539.8
C09677,P007,PR010,21665.02
C09678,P043,PR022,177.61
C09679,P072,PR003,8262.16
C09680,P042,PR045,21926.91
C09681,P012,PR038,19890.87
C09682,P097,PR009,12115.49
C09683,P097,PR005,22570.17
C09684,P097,PR043,11498.58
C09685,P022,PR003,15503.07
C09686,P097,PR006,24374.59
C09687,P093,PR013,3771.28
C09688,P088,PR015,24204.26
C09689,P038,PR049,14887.78
C09690,P044,PR010,3835.56
C09691,P033,PR021,553.79
C09692,P057,PR047,3722.27
C09693,P052,PR035,24521.56
C09694,P078,PR018,12002.33
C09695,P016,PR007,3904.11
C09696,P044,PR040,6964.54
C09697,P086,PR017,2548.96
C09698,P044,PR039,16665.13
C09699,P015,PR035,19300.03
C09700,P045,PR048,22837.55
C09701,P082,PR028,19415.47
C09702,P048,PR034,56.2
C09703,P056,PR034,14976.97
C09704,P019,PR017,1607.18
C09705,P022,PR050,22795.51
C09706,P070,PR018,24143.13
C09707,P028,PR043,22562.84
C09708,P001,PR040,3659.22
C09709,P059,PR025,4586.71
C09710,P052,PR024,4285.99
C09711,P064,PR036,994.12
C09712,P003,PR026,16473.54
C09713,P079,PR019,24372.78
C09714,P089,PR042,24450.71
C09715,P024,PR018,18556.04
C09716,P093,PR001,1880.49
C09717,P052,PR004,16905.06
C09718,P036,PR017,3862.92
C09719,P012,PR036,11843.99
C09720,P064,PR010,20694.71
C09721,P028,PR049,19547.51
C09722,P026,PR043,15161.99
C09723,P042,PR014,8819.29
C09724,P100,PR027,16638.87
C09725,P083,PR044,2971.61
C09726,P061,PR043,5228.97
C09727,P094,PR033,3476.52
C09728,P088,PR044,11289.37
C09729,P064,PR003,18010.23
C09730,P076,PR036,12591.86
C09731,P095,PR004,7035.22
C09732,P040,PR032,12569.33
C09733,P075,PR024,15675.32
C09734,P068,PR010,3858.21
C09735,P037,PR039,11872.64
C09736,P043,PR012,9290.7
C09737,P005,PR023,14679.81
C09738,P074,PR042,3556.41
C09739,P015,PR041,11760.61
C09740,P001,PR008,16349.71
C09741,P082,PR039,7638.36
C09742,P067,PR022,3466.63
C09743,P079,PR017,15262.9
C09744,P059,PR021,12928.74
C09745,P093,PR008,22690.46
C09746,P089,PR004,5467.72
C09747,P034,PR017,4839.99
C09748,P043,PR046,12018.53
C09749,P051,PR045,2315.59
C09750,P050,PR011,17102.27
C09751,P095,PR014,9209.02
C09752,P085,PR006,17986.17
C09753,P024,PR026,11381.84
C09754,P043,PR016,24510.86
C09755,P082,PR047,16575.48
C09756,P052,PR049,24644.48
C09757,P010,PR011,9704.21
C09758,P012,PR002,20223.42
C09759,P064,PR015,1698.57
C09760,P054,PR001,2164.09
C09761,P076,PR041,24606.34
C09762,P055,PR046,10753.02
C09763,P076,PR032,9505.99
C09764,P044,PR039,9446.26
C09765,P052,PR050,21976.04
C09766,P079,PR016,17700.01
C09767,P003,PR036,14943.54
C09768,P073,PR006,15189.21
C09769,P088,PR021,7016.95
C09770,P099,PR004,20434.83
C09771,P014,PR036,23271.71
C09772,P003,PR018,9273.97
C09773,P041,PR008,11788.14
C09774,P096,PR015,23573.84
C09775,P017,PR034,12412.5
C09776,P044,PR009,21553.3
C09777,P064,PR047,7775.23
C09778,P061,PR039,9580.31
C09779,P006,PR030,23751.16
C09780,P052,PR045,18138.78
C09781,P062,PR008,12144.21
C09782,P056,PR033,1160.74
C09783,P035,PR030,18657.94
C09784,P080,PR030,100.27
C09785,P061,PR027,9851.15
C09786,P074,PR033,10803.47
C09787,P006,PR044,19060.05
C09788,P023,PR020,3926.66
C09789,P001,PR046,3523.76
C09790,P038,PR020,16773.16
C09791,P083,PR048,13742.27
C09792,P056,PR045,22594.86
C09793,P005,PR004,4180.82
C09794,P012,PR038,20207.0
C09795,P030,PR012,4360.25
C09796,P032,PR047,8804.64
C09797,P048,PR049,14106.15
C09798,P067,PR048,21937.72
C09799,P088,PR026,8620.07
C09800,P087,PR025,20733.4
C09801,P056,PR028,24037.48
C09802,P030,PR028,16030.92
C09803,P024,PR007,8363.06
C09804,P070,PR026,510.73
C09805,P042,PR034,12744.24
C09806,P033,PR028,412.95
C09807,P085,PR023,13496.18
C09808,P003,PR030,19583.06
C09809,P038,PR025,20518.73
C09810,P023,PR046,5457.52
C09811,P006,PR019,2080.62
C09812,P086,PR012,3832.29
C09813,P076,PR012,8478.71
C09814,P043,PR021,17381.45
C09815,P082,PR012,354.1
C09816,P081,PR011,1352.51
C09817,P096,PR022,23301.38
C09818,P050,PR037,23916.72
C09819,P015,PR015,4201.01
C09820,P094,PR017,20537.08
C09821,P099,PR030,22168.34
C09822,P015,PR016,13473.64
C09823,P024,PR002,21332.61
C09824,P004,PR020,17587.86
C09825,P097,PR033,7419.11
C09826,P087,PR042,15147.36
C09827,P085,PR049,22807.76
C09828,P005,PR017,16627.24
C09829,P039,PR028,12719.99
C09830,P055,PR043,14931.57
C09831,P091,PR014,5760.87
C09832,P028,PR043,7553.78
C09833,P024,PR010,20930.92
C09834,P003,PR036,3827.18
C09835,P063,PR030,16232.5
C09836,P077,PR045,3573.46
C09837,P013,PR021,21844.66
C09838,P089,PR026,2772.59
C09839,P076,PR009,5536.82
C09840,P088,PR026,6341.83
C09841,P049,PR024,5774.9
C09842,P052,PR034,13456.08
C09843,P094,PR028,8319.09
C09844,P028,PR029,9511.81
C09845,P067,PR009,1145.55
C09846,P063,PR001,23411.99
C09847,P046,PR033,12964.88
C09848,P021,PR014,138.51
C09849,P001,PR025,20475.37
C09850,P022,PR005,3870.69
C09851,P043,PR045,10120.91
C09852,P059,PR043,2037.0
C09853,P016,PR036,10995.43
C09854,P036,PR033,1849.18
C09855,P012,PR044,16361.95
C09856,P027,PR004,18485.3
C09857,P060,PR016,2749.21
C09858,P096,PR019,19756.79
C09859,P094,PR020,4331.23
C09860,P018,PR029,10728.56
C09861,P013,PR049,1577.59
C09862,P098,PR025,10905.16
C09863,P077,PR006,2112.44
C09864,P056,PR016,24566.06
C09865,P004,PR038,6287.24
C09866,P061,PR033,6150.97
C09867,P038,PR003,4652.9
C09868,P099,PR005,15006.01
C09869,P016,PR046,10946.0
C09870,P044,PR005,14203.36
C09871,P025,PR035,23833.46
C09872,P033,PR013,8988.09
C09873,P077,PR028,24033.85
C09874,P025,PR033,21505.32
C09875,P052,PR009,12127.64
C09876,P075,PR024,11838.35
C09877,P074,PR033,21550.69
C09878,P077,PR030,10305.9
C09879,P096,PR021,7452.01
C09880,P100,PR048,3108.27
C09881,P038,PR012,471.27
C09882,P044,PR020,18439.44
C09883,P060,PR001,23120.96
C09884,P035,PR002,8899.64
C09885,P086,PR043,2364.24
C09886,P016,PR034,22507.11
C09887,P003,PR036,19632.21
C09888,P037,PR010,3761.45
C09889,P006,PR044,524.25
C09890,P009,PR015,23197.2
C09891,P100,PR047,9732.39
C09892,P060,PR021,6454.23
C09893,P007,PR041,14911.67
C09894,P013,PR035,21350.94
C09895,P023,PR028,24475.9
C09896,P016,PR008,12121.69
C09897,P010,PR032,4621.14
C09898,P098,PR046,703.85
C09899,P086,PR028,7850.17
C09900,P023,PR039,17532.06
C09901,P082,PR012,14713.6
C09902,P066,PR019,23956.19
C09903,P007,PR050,15506.86
C09904,P017,PR049,3821.92
C09905,P046,PR007,11500.86
C09906,P093,PR039,20044.42
C09907,P045,PR031,11555.16
C09908,P008,PR025,23329.43
C09909,P061,PR028,9405.65
C09910,P038,PR037,17390.62
C09911,P059,PR035,3827.02
C09912,P065,PR027,23811.0
C09913,P043,PR017,2256.29
C09914,P038,PR043,13066.02
C09915,P062,PR006,14410.73
C09916,P081,PR026,1859.3
C09917,P074,PR045,8235.29
C09918,P075,PR004,20546.59
C09919,P055,PR049,24423.36
C09920,P066,PR038,23871.54
C09921,P050,PR023,9932.57
C09922,P050,PR012,24651.27
C09923,P046,PR020,20072.11
C09924,P099,PR025,14945.38
C09925,P061,PR046,16304.89
C09926,P063,PR038,18527.52
C09927,P075,PR013,20092.96
C09928,P040,PR019,11530.48
C09929,P062,PR036,19249.0
C09930,P017,PR050,10973.59
C09931,P089,PR026,23660.31
C09932,P094,PR042,21453.38
C09933,P023,PR003,11363.6
C09934,P042,PR020,8753.05
C09935,P065,PR030,7033.07
C09936,P045,PR041,5399.6
C09937,P062,PR029,21930.75
C09938,P019,PR007,21521.76
C09939,P014,PR023,15548.44
C09940,P071,PR022,24766.41
C09941,P015,PR017,8102.11
C09942,P069,PR024,22257.19
C09943,P021,PR023,3843.11
C09944,P044,PR039,1586.6
C09945,P047,PR046,12693.03
C09946,P046,PR045,16949.64
C09947,P078,PR041,15463.53
C09948,P032,PR039,4866.86
C09949,P036,PR009,16096.13
C09950,P073,PR047,212.97
C09951,P026,PR044,15138.77
C09952,P026,PR026,15397.95
C09953,P075,PR001,5579.65
C09954,P011,PR028,1452.51
C09955,P062,PR049,20093.77
C09956,P068,PR014,1748.83
C09957,P051,PR035,7754.42
C09958,P010,PR046,5423.26
C09959,P005,PR010,21399.57
C09960,P047,PR044,10624.08
C09961,P066,PR030,19234.12
C09962,P018,PR011,13111.48
C09963,P054,PR025,19243.67
C09964,P062,PR010,19907.8
C09965,P059,PR038,2557.7
C09966,P077,PR022,5780.46
C09967,P015,PR033,916.82
C09968,P013,PR028,12173.65
C09969,P020,PR004,18081.31
C09970,P037,PR038,11935.11
C09971,P072,PR014,10991.62
C09972,P033,PR047,18508.46
C09973,P007,PR009,22034.81
C09974,P037,PR027,14115.12
C09975,P018,PR004,4953.13
C09976,P022,PR012,3873.68
C09977,P063,PR036,12883.39
C09978,P060,PR033,11567.67
C09979,P079,PR021,12452.74
C09980,P069,PR025,6564.17
C09981,P091,PR039,11126.41
C09982,P036,PR036,9317.42
C09983,P066,PR017,13126.13
C09984,P096,PR028,3621.48
C09985,P077,PR034,1130.9
C09986,P058,PR003,21952.37
C09987,P075,PR005,21989.55
C09988,P070,PR012,20052.37
C09989,P017,PR026,16972.53
C09990,P072,PR025,15075.93
C09991,P031,PR019,16140.24
C09992,P096,PR035,5818.61
C09993,P090,PR010,22065.46
C09994,P080,PR036,10233.96
C09995,P005,PR026,21499.85
C09996,P001,PR013,23056.01
C09997,P062,PR018,2903.65
C09998,P080,PR038,3970.63
C09999,P036,PR011,14050.06
C10000,P093,PR011,17063.7
